id,product_name,product_price,category,availability,img_url
1,bottled drinking water,36,beverages,In stock,https://images.unsplash.com/photo-1563903370181-48241c5c8e21?ixid=MnwxMjA3fDB8MHxwaG90by1wYWdlfHx8fGVufDB8fHx8&ixlib=rb-1.2.1&auto=format&fit=crop&w=2854&q=80
2,mineral water,27,beverages,In stock,https://images.unsplash.com/photo-1583167611236-9071a5972ebd?crop=entropy&cs=tinysrgb&fit=max&fm=jpg&ixid=MnwyMjUwODN8MHwxfHNlYXJjaHwxfHxtaW5lcmFsJTIwd2F0ZXJ8ZW58MHx8fHwxNjE5MDI5MDc1&ixlib=rb-1.2.1&q=80&w=1000
3,plain drinking water,51,beverages,In stock,https://images.unsplash.com/photo-1612392549211-5b7947a58c3f?ixid=MnwxMjA3fDB8MHxwaG90by1wYWdlfHx8fGVufDB8fHx8&ixlib=rb-1.2.1&auto=format&fit=crop&w=2734&q=80
4,purified drinking water,68,beverages,In stock,https://images.unsplash.com/photo-1589807502991-d64e6459096c?ixid=MnwxMjA3fDB8MHxwaG90by1wYWdlfHx8fGVufDB8fHx8&ixlib=rb-1.2.1&auto=format&fit=crop&w=2734&q=80
5,sparkling drinking water,48,beverages,In stock,https://images.unsplash.com/photo-1453825012366-3738046cb6c7?crop=entropy&cs=tinysrgb&fit=max&fm=jpg&ixid=MnwyMjUwODN8MHwxfHNlYXJjaHwxfHxzcGFya2xpbmclMjBkcmlua2luZyUyMHdhdGVyfGVufDB8fHx8MTYxOTAyOTA3Nw&ixlib=rb-1.2.1&q=80&w=1000
6,ciders,50,beverages,In stock,https://images.unsplash.com/photo-1557163635-dda2c9591f30?crop=entropy&cs=tinysrgb&fit=max&fm=jpg&ixid=MnwyMjUwODN8MHwxfHNlYXJjaHwxfHxjaWRlcnN8ZW58MHx8fHwxNjE5MDI5MDc4&ixlib=rb-1.2.1&q=80&w=1000
7,cocktail mixes,61,beverages,In stock,https://assets.wsimgs.com/wsimgs/ab/images/dp/wcm/202113/0123/williams-sonoma-cocktail-mix-yuzu-meyer-lemon-c.jpg
8,bloody mary mixes,44,beverages,In stock,https://images.unsplash.com/photo-1594386180803-9087dffd4e5a?ixid=MnwxMjA3fDB8MHxwaG90by1wYWdlfHx8fGVufDB8fHx8&ixlib=rb-1.2.1&auto=format&fit=crop&w=2850&q=80
9,daiquiri cocktail mixes,70,beverages,In stock,https://images-na.ssl-images-amazon.com/images/I/71bwYt0L7tL._SL1500_.jpg
10,hurricane cocktail mixes,33,beverages,In stock,https://www.louisianacookin.com/wp-content/uploads/2014/07/Hurricane.jpg
11,margarita cocktail mixes,26,beverages,Out of stock,https://images.unsplash.com/photo-1556855810-ac404aa91e85?ixid=MnwxMjA3fDB8MHxwaG90by1wYWdlfHx8fGVufDB8fHx8&ixlib=rb-1.2.1&auto=format&fit=crop&w=2734&q=80
12,martini cocktail mixes,51,beverages,In stock,https://images.unsplash.com/photo-1486947799489-3fabdd7d32a6?crop=entropy&cs=tinysrgb&fit=max&fm=jpg&ixid=MnwyMjUwODN8MHwxfHNlYXJjaHwxfHxtYXJ0aW5pJTIwY29ja3RhaWwlMjBtaXhlc3xlbnwwfHx8fDE2MTkwMjkwODA&ixlib=rb-1.2.1&q=80&w=1000
13,mojito cocktail mixes,21,beverages,In stock,https://images.unsplash.com/photo-1599021456807-25db0f974333?ixid=MnwxMjA3fDB8MHxwaG90by1wYWdlfHx8fGVufDB8fHx8&ixlib=rb-1.2.1&auto=format&fit=crop&w=2779&q=80
14,mudslide cocktail mixes,44,beverages,In stock,https://hips.hearstapps.com/hmg-prod.s3.amazonaws.com/images/20191210-mudslide-cocktail-delish-ehg-6318-1577740035.jpg
15,pina colada cocktail mixes,47,beverages,In stock,https://images.unsplash.com/photo-1607644536940-6c300b5784c5?ixid=MnwxMjA3fDB8MHxwaG90by1wYWdlfHx8fGVufDB8fHx8&ixlib=rb-1.2.1&auto=format&fit=crop&w=2850&q=80
16,sangria cocktail mixes,58,beverages,In stock,https://images.unsplash.com/photo-1600456531963-f51054e51619?ixid=MnwxMjA3fDB8MHxwaG90by1wYWdlfHx8fGVufDB8fHx8&ixlib=rb-1.2.1&auto=format&fit=crop&w=2734&q=80
17,wine cooler mixes,68,beverages,In stock,https://images.unsplash.com/photo-1588796388886-78fb1ec76aa9?ixid=MnwxMjA3fDB8MHxwaG90by1wYWdlfHx8fGVufDB8fHx8&ixlib=rb-1.2.1&auto=format&fit=crop&w=2801&q=80
18,coffee,69,beverages,In stock,https://images.unsplash.com/photo-1447933601403-0c6688de566e?crop=entropy&cs=tinysrgb&fit=max&fm=jpg&ixid=MnwyMjUwODN8MHwxfHNlYXJjaHwxfHxjb2ZmZWV8ZW58MHx8fHwxNjE5MDI5MDg0&ixlib=rb-1.2.1&q=80&w=1000
19,coffee capsules,20,beverages,In stock,https://images.unsplash.com/photo-1569161238483-4c6375c59d68?crop=entropy&cs=tinysrgb&fit=max&fm=jpg&ixid=MnwyMjUwODN8MHwxfHNlYXJjaHwxfHxjb2ZmZWUlMjBjYXBzdWxlc3xlbnwwfHx8fDE2MTkwMjkwODQ&ixlib=rb-1.2.1&q=80&w=1000
20,coffee k cups,64,beverages,In stock,https://images.unsplash.com/photo-1524095731963-b4e38d1b3329?crop=entropy&cs=tinysrgb&fit=max&fm=jpg&ixid=MnwyMjUwODN8MHwxfHNlYXJjaHwxfHxjb2ZmZWUlMjBrJTIwY3Vwc3xlbnwwfHx8fDE2MTkwMjkwODU&ixlib=rb-1.2.1&q=80&w=1000
21,coffee pods,48,beverages,Out of stock,https://images-na.ssl-images-amazon.com/images/I/51niqZ7DPjL.jpg
22,coffee t discs,37,beverages,In stock,https://51.cdn.ekm.net/ekmps/shops/coffeesupplies/images/tassimo-t-discs-costa-vanilla-latte-case-2293-1-p.jpg?v=1
23,ground coffee,66,beverages,In stock,https://images.unsplash.com/photo-1511920170033-f8396924c348?crop=entropy&cs=tinysrgb&fit=max&fm=jpg&ixid=MnwyMjUwODN8MHwxfHNlYXJjaHwxfHxncm91bmQlMjBjb2ZmZWV8ZW58MHx8fHwxNjE5MDI5MDg3&ixlib=rb-1.2.1&q=80&w=1000
24,instant coffee,71,beverages,In stock,https://images.unsplash.com/photo-1614767866551-fe60a95d0d19?crop=entropy&cs=tinysrgb&fit=max&fm=jpg&ixid=MnwyMjUwODN8MHwxfHNlYXJjaHwxfHxpbnN0YW50JTIwY29mZmVlfGVufDB8fHx8MTYxOTAyOTA4OA&ixlib=rb-1.2.1&q=80&w=1000
25,roasted coffee beans,34,beverages,In stock,https://images.unsplash.com/photo-1442550528053-c431ecb55509?crop=entropy&cs=tinysrgb&fit=max&fm=jpg&ixid=MnwyMjUwODN8MHwxfHNlYXJjaHwxfHxyb2FzdGVkJTIwY29mZmVlJTIwYmVhbnN8ZW58MHx8fHwxNjE5MDI5MDg4&ixlib=rb-1.2.1&q=80&w=1000
26,unroasted green coffee beans,57,beverages,In stock,https://images.unsplash.com/photo-1561986845-fbeb7f7913d8?crop=entropy&cs=tinysrgb&fit=max&fm=jpg&ixid=MnwyMjUwODN8MHwxfHNlYXJjaHwxfHx1bnJvYXN0ZWQlMjBncmVlbiUyMGNvZmZlZSUyMGJlYW5zfGVufDB8fHx8MTYxOTAyOTA4OQ&ixlib=rb-1.2.1&q=80&w=1000
27,coffee substitutes,26,beverages,In stock,https://images.unsplash.com/photo-1607292819104-c54624be6bc2?crop=entropy&cs=tinysrgb&fit=max&fm=jpg&ixid=MnwyMjUwODN8MHwxfHNlYXJjaHwxfHxjb2ZmZWUlMjBzdWJzdGl0dXRlc3xlbnwwfHx8fDE2MTkwMjkwOTA&ixlib=rb-1.2.1&q=80&w=1000
29,energy drinks,21,beverages,In stock,https://images.unsplash.com/photo-1560689189-65b6ed6228e7?crop=entropy&cs=tinysrgb&fit=max&fm=jpg&ixid=MnwyMjUwODN8MHwxfHNlYXJjaHwxfHxlbmVyZ3klMjBkcmlua3N8ZW58MHx8fHwxNjE5MDMyNzU5&ixlib=rb-1.2.1&q=80&w=1000
30,hot cocoa mixes,21,beverages,In stock,https://images.unsplash.com/photo-1611316527105-9b1439c8619f?ixid=MnwxMjA3fDB8MHxwaG90by1wYWdlfHx8fGVufDB8fHx8&ixlib=rb-1.2.1&auto=format&fit=crop&w=2734&q=80
31,juices,21,beverages,Out of stock,https://images.unsplash.com/photo-1600271886742-f049cd451bba?crop=entropy&cs=tinysrgb&fit=max&fm=jpg&ixid=MnwyMjUwODN8MHwxfHNlYXJjaHwxfHxqdWljZXN8ZW58MHx8fHwxNjE5MDI5MDkx&ixlib=rb-1.2.1&q=80&w=1000
32,lemonade,61,beverages,In stock,https://images.unsplash.com/photo-1606943932434-2f21e1c54ef2?crop=entropy&cs=tinysrgb&fit=max&fm=jpg&ixid=MnwyMjUwODN8MHwxfHNlYXJjaHwxfHxsZW1vbmFkZXxlbnwwfHx8fDE2MTkwMjkwOTI&ixlib=rb-1.2.1&q=80&w=1000
33,nondairy coffee creamers,54,beverages,In stock,https://images.unsplash.com/photo-1502303122794-aba2d55cc873?ixid=MnwxMjA3fDB8MHxwaG90by1wYWdlfHx8fGVufDB8fHx8&ixlib=rb-1.2.1&auto=format&fit=crop&w=2888&q=80
34,powdered drink mixes,20,beverages,In stock,https://images.unsplash.com/photo-1544421604-b50d59499cd1?crop=entropy&cs=tinysrgb&fit=max&fm=jpg&ixid=MnwyMjUwODN8MHwxfHNlYXJjaHwxfHxwb3dkZXJlZCUyMGRyaW5rJTIwbWl4ZXN8ZW58MHx8fHwxNjE5MDI5MDkz&ixlib=rb-1.2.1&q=80&w=1000
35,powdered chocolate beverage mixes,44,beverages,In stock,https://images.heb.com/is/image/HEBGrocery/000149631
36,powdered cider mixes,63,beverages,In stock,https://images.unsplash.com/photo-1509459423522-c1b58365f2a5?crop=entropy&cs=tinysrgb&fit=max&fm=jpg&ixid=MnwyMjUwODN8MHwxfHNlYXJjaHwxfHxwb3dkZXJlZCUyMGNpZGVyJTIwbWl4ZXN8ZW58MHx8fHwxNjE5MDI5MDk0&ixlib=rb-1.2.1&q=80&w=1000
37,powdered malt beverage mixes,33,beverages,In stock,https://images.unsplash.com/photo-1593543294918-ca3634e04cdb?crop=entropy&cs=tinysrgb&fit=max&fm=jpg&ixid=MnwyMjUwODN8MHwxfHNlYXJjaHwxfHxwb3dkZXJlZCUyMG1hbHQlMjBiZXZlcmFnZSUyMG1peGVzfGVufDB8fHx8MTYxOTAyOTA5NQ&ixlib=rb-1.2.1&q=80&w=2775
38,powdered soft drink mixes,47,beverages,In stock,https://m.media-amazon.com/images/I/81tlJA5BMtL._AC_SS450_.jpg
39,powdered fruit punch soft drink mixes,66,beverages,In stock,https://images.heb.com/is/image/HEBGrocery/001261743
40,powdered lemonade soft drink mixes,21,beverages,In stock,https://www.kroger.com/product/images/large/left/0004300006935
41,soda soft drinks,53,beverages,Out of stock,https://images.unsplash.com/photo-1556710807-a9261921475f?crop=entropy&cs=tinysrgb&fit=max&fm=jpg&ixid=MnwyMjUwODN8MHwxfHNlYXJjaHwxfHxzb2RhJTIwc29mdCUyMGRyaW5rc3xlbnwwfHx8fDE2MTkwMjkwOTc&ixlib=rb-1.2.1&q=80&w=1000
43,cola soft drinks,68,beverages,In stock,https://images.unsplash.com/photo-1590150392010-faee192355f4?crop=entropy&cs=tinysrgb&fit=max&fm=jpg&ixid=MnwyMjUwODN8MHwxfHNlYXJjaHwxfHxjb2xhJTIwc29mdCUyMGRyaW5rc3xlbnwwfHx8fDE2MTkwMjkwOTg&ixlib=rb-1.2.1&q=80&w=1000
44,cream soda soft drinks,48,beverages,In stock,https://images.unsplash.com/photo-1603394630850-69b3ca8121ca?crop=entropy&cs=tinysrgb&fit=max&fm=jpg&ixid=MnwyMjUwODN8MHwxfHNlYXJjaHwxfHxjcmVhbSUyMHNvZGElMjBzb2Z0JTIwZHJpbmtzfGVufDB8fHx8MTYxOTAyOTA5OQ&ixlib=rb-1.2.1&q=80&w=1000
45,ginger ale soft drinks,51,beverages,In stock,https://images.unsplash.com/photo-1546435467-ed1e00be6eb2?ixid=MnwxMjA3fDB8MHxwaG90by1wYWdlfHx8fGVufDB8fHx8&ixlib=rb-1.2.1&auto=format&fit=crop&w=2734&q=80
48,sarsaparilla soft drinks,42,beverages,In stock,https://images.unsplash.com/photo-1607656311408-1e4cfe2bd9fc?crop=entropy&cs=tinysrgb&fit=max&fm=jpg&ixid=MnwyMjUwODN8MHwxfHNlYXJjaHwxfHxzYXJzYXBhcmlsbGElMjBzb2Z0JTIwZHJpbmtzfGVufDB8fHx8MTYxOTAyOTEwMQ&ixlib=rb-1.2.1&q=80&w=1000
49,seltzer,34,beverages,In stock,https://images.unsplash.com/photo-1614537088976-ac906fb03011?crop=entropy&cs=tinysrgb&fit=max&fm=jpg&ixid=MnwyMjUwODN8MHwxfHNlYXJjaHwxfHxzZWx0emVyfGVufDB8fHx8MTYxOTAyOTEwMQ&ixlib=rb-1.2.1&q=80&w=1000
50,tonic water,63,beverages,In stock,https://images.unsplash.com/photo-1598614187854-26a60e982dc4?crop=entropy&cs=tinysrgb&fit=max&fm=jpg&ixid=MnwyMjUwODN8MHwxfHNlYXJjaHwxfHx0b25pYyUyMHdhdGVyfGVufDB8fHx8MTYxOTAyOTEwMg&ixlib=rb-1.2.1&q=80&w=1000
51,sports drinks,34,beverages,Out of stock,https://images-na.ssl-images-amazon.com/images/I/81RNzXQ4dQL._SL1500_.jpg
52,teas,68,beverages,In stock,https://images.unsplash.com/photo-1518225334563-21a38e9def27?crop=entropy&cs=tinysrgb&fit=max&fm=jpg&ixid=MnwyMjUwODN8MHwxfHNlYXJjaHwxfHx0ZWFzfGVufDB8fHx8MTYxOTAzMjc2MA&ixlib=rb-1.2.1&q=80&w=1000
53,black teas,49,beverages,In stock,https://images.unsplash.com/photo-1597430033377-a6749f1e06f5?ixid=MnwxMjA3fDB8MHxwaG90by1wYWdlfHx8fGVufDB8fHx8&ixlib=rb-1.2.1&auto=format&fit=crop&w=2734&q=80
54,assam teas,38,beverages,In stock,https://images.unsplash.com/photo-1536998003793-b13c28fae74b?ixid=MnwxMjA3fDB8MHxwaG90by1wYWdlfHx8fGVufDB8fHx8&ixlib=rb-1.2.1&auto=format&fit=crop&w=2801&q=80
55,ceylon blend teas,21,beverages,In stock,https://www.laurent.com.au/wp-content/uploads/2018/09/DSC_4354-1500x997.jpg
56,chai teas,46,beverages,In stock,https://images.unsplash.com/photo-1607722728886-56ec0d95f116?ixid=MnwxMjA3fDB8MHxwaG90by1wYWdlfHx8fGVufDB8fHx8&ixlib=rb-1.2.1&auto=format&fit=crop&w=2800&q=80
57,china blend teas,55,beverages,In stock,https://images.unsplash.com/photo-1567922045116-2a00fae2ed03?ixid=MnwxMjA3fDB8MHxwaG90by1wYWdlfHx8fGVufDB8fHx8&ixlib=rb-1.2.1&auto=format&fit=crop&w=2775&q=80
58,darjeeling teas,61,beverages,In stock,https://images.unsplash.com/photo-1591732410085-cb584dde098b?ixid=MnwxMjA3fDB8MHxwaG90by1wYWdlfHx8fGVufDB8fHx8&ixlib=rb-1.2.1&auto=format&fit=crop&w=2800&q=80
59,earl grey teas,26,beverages,In stock,https://images.unsplash.com/photo-1563911892437-1feda0179e1b?crop=entropy&cs=tinysrgb&fit=max&fm=jpg&ixid=MnwyMTg4MDh8MHwxfHNlYXJjaHwxfHxlYXJsJTIwZ3JleSUyMHRlYXN8ZW58MHx8fHwxNjE5MDI5MjIz&ixlib=rb-1.2.1&q=80&w=1000
60,english breakfast teas,31,beverages,In stock,https://images.unsplash.com/photo-1464305952250-2460a465b779?crop=entropy&cs=tinysrgb&fit=max&fm=jpg&ixid=MnwyMTg4MDh8MHwxfHNlYXJjaHwxfHxlbmdsaXNoJTIwYnJlYWtmYXN0JTIwdGVhc3xlbnwwfHx8fDE2MTkwMjkyMjM&ixlib=rb-1.2.1&q=80&w=1000
61,india blend teas,60,beverages,Out of stock,https://images.unsplash.com/photo-1547825407-2d060104b7f8?ixlib=rb-1.2.1&ixid=MnwxMjA3fDB8MHxwaG90by1wYWdlfHx8fGVufDB8fHx8&auto=format&fit=crop&w=2850&q=80
62,irish breakfast teas,66,beverages,In stock,https://images.unsplash.com/photo-1597318109735-d3612887d1ad?ixid=MnwxMjA3fDB8MHxwaG90by1wYWdlfHx8fGVufDB8fHx8&ixlib=rb-1.2.1&auto=format&fit=crop&w=2851&q=80
63,keemun teas,38,beverages,In stock,https://images.unsplash.com/photo-1597481499666-130f8eb2c9cd?ixid=MnwxMjA3fDB8MHxwaG90by1wYWdlfHx8fGVufDB8fHx8&ixlib=rb-1.2.1&auto=format&fit=crop&w=2734&q=80
64,lapsong souchong teas,27,beverages,In stock,https://images.unsplash.com/photo-1576092768241-dec231879fc3?ixid=MnwxMjA3fDB8MHxwaG90by1wYWdlfHx8fGVufDB8fHx8&ixlib=rb-1.2.1&auto=format&fit=crop&w=2734&q=80
65,oolong teas,67,beverages,In stock,https://images.unsplash.com/photo-1606444006818-3e66c09f2724?crop=entropy&cs=tinysrgb&fit=max&fm=jpg&ixid=MnwyMTg4MDh8MHwxfHNlYXJjaHwxfHxvb2xvbmclMjB0ZWFzfGVufDB8fHx8MTYxOTAyOTIyNg&ixlib=rb-1.2.1&q=80&w=1000
66,orange pekoe teas,41,beverages,In stock,https://images.unsplash.com/photo-1596507275836-bc5fe58bfd08?ixlib=rb-1.2.1&ixid=MnwxMjA3fDB8MHxwaG90by1wYWdlfHx8fGVufDB8fHx8&auto=format&fit=crop&w=2734&q=80
67,orange spice teas,66,beverages,In stock,https://images.unsplash.com/photo-1497800640957-3100979af57c?ixlib=rb-1.2.1&ixid=MnwxMjA3fDB8MHxwaG90by1wYWdlfHx8fGVufDB8fHx8&auto=format&fit=crop&w=2850&q=80
68,russian caravan teas,65,beverages,In stock,https://images.unsplash.com/photo-1610823455970-fa109c9cb643?ixid=MnwxMjA3fDB8MHxwaG90by1wYWdlfHx8fGVufDB8fHx8&ixlib=rb-1.2.1&auto=format&fit=crop&w=2734&q=80
69,yunnan teas,52,beverages,In stock,https://images.unsplash.com/photo-1556073654-aa3823f47f07?crop=entropy&cs=tinysrgb&fit=max&fm=jpg&ixid=MnwyMTg4MDh8MHwxfHNlYXJjaHwxfHx5dW5uYW4lMjB0ZWFzfGVufDB8fHx8MTYxOTAyOTIyOA&ixlib=rb-1.2.1&q=80&w=1000
70,green teas,47,beverages,In stock,https://images.unsplash.com/photo-1596817136315-62950a2f522e?crop=entropy&cs=tinysrgb&fit=max&fm=jpg&ixid=MnwyMTg4MDh8MHwxfHNlYXJjaHwxfHxncmVlbiUyMHRlYXN8ZW58MHx8fHwxNjE5MDI5MjI4&ixlib=rb-1.2.1&q=80&w=1000
71,chinese green teas,52,beverages,Out of stock,https://images.unsplash.com/photo-1531878003199-99f8c1c586c5?ixid=MnwxMjA3fDB8MHxwaG90by1wYWdlfHx8fGVufDB8fHx8&ixlib=rb-1.2.1&auto=format&fit=crop&w=2813&q=80
72,dragon well teas,62,beverages,In stock,https://cdn.shopify.com/s/files/1/0586/9817/products/thumb1_1ee2cef3-d7c5-4577-bae7-9956c6c256ca.jpg?v=1554137099
73,gunpowder teas,32,beverages,In stock,https://images.unsplash.com/photo-1605773202042-63ef5f7f5883?ixid=MnwxMjA3fDB8MHxwaG90by1wYWdlfHx8fGVufDB8fHx8&ixlib=rb-1.2.1&auto=format&fit=crop&w=2734&q=80
74,jasmine teas,39,beverages,In stock,https://images.unsplash.com/photo-1609016617751-e80552ae6ec2?crop=entropy&cs=tinysrgb&fit=max&fm=jpg&ixid=MnwyMTg4MDh8MHwxfHNlYXJjaHwxfHxqYXNtaW5lJTIwdGVhc3xlbnwwfHx8fDE2MTkwMjkyMzA&ixlib=rb-1.2.1&q=80&w=1000
75,japanese green teas,38,beverages,In stock,https://images.unsplash.com/photo-1470162656305-6f429ba817bf?ixlib=rb-1.2.1&ixid=MnwxMjA3fDB8MHxwaG90by1wYWdlfHx8fGVufDB8fHx8&auto=format&fit=crop&w=2734&q=80
76,bancha teas,57,beverages,In stock,https://images.unsplash.com/photo-1554306847-c25bc7f214af?ixid=MnwxMjA3fDB8MHxwaG90by1wYWdlfHx8fGVufDB8fHx8&ixlib=rb-1.2.1&auto=format&fit=crop&w=2852&q=80
77,blended japanese green teas,51,beverages,In stock,https://images.unsplash.com/photo-1565117661210-fd54898de423?ixlib=rb-1.2.1&ixid=MnwxMjA3fDB8MHxwaG90by1wYWdlfHx8fGVufDB8fHx8&auto=format&fit=crop&w=2000&q=80
78,genmaicha teas,52,beverages,In stock,https://images.unsplash.com/photo-1596235502219-a1c80d8be60c?crop=entropy&cs=tinysrgb&fit=max&fm=jpg&ixid=MnwyMTg4MDh8MHwxfHNlYXJjaHwxfHxnZW5tYWljaGElMjB0ZWFzfGVufDB8fHx8MTYxOTAyOTIzMg&ixlib=rb-1.2.1&q=80&w=1000
79,hojicha teas,45,beverages,In stock,https://images.unsplash.com/photo-1552014631-125e3a6b9594?crop=entropy&cs=tinysrgb&fit=max&fm=jpg&ixid=MnwyMTg4MDh8MHwxfHNlYXJjaHwxfHxob2ppY2hhJTIwdGVhc3xlbnwwfHx8fDE2MTkwMjkyMzM&ixlib=rb-1.2.1&q=80&w=1000
80,kukicha teas,57,beverages,In stock,https://images.unsplash.com/photo-1615214574517-a0fe22e81619?ixid=MnwxMjA3fDB8MHxwaG90by1wYWdlfHx8fGVufDB8fHx8&ixlib=rb-1.2.1&auto=format&fit=crop&w=3000&q=80
81,matcha teas,22,beverages,Out of stock,https://images.unsplash.com/photo-1522160196-1a0efa63778d?crop=entropy&cs=tinysrgb&fit=max&fm=jpg&ixid=MnwyMTg4MDh8MHwxfHNlYXJjaHwxfHxtYXRjaGElMjB0ZWFzfGVufDB8fHx8MTYxOTAyOTIzNA&ixlib=rb-1.2.1&q=80&w=1000
82,sencha teas,50,beverages,In stock,https://images.unsplash.com/photo-1585667117782-3d668aa639aa?ixid=MnwxMjA3fDB8MHxwaG90by1wYWdlfHx8fGVufDB8fHx8&ixlib=rb-1.2.1&auto=format&fit=crop&w=2850&q=80
83,herbal teas,35,beverages,In stock,https://images.unsplash.com/photo-1514733670139-4d87a1941d55?crop=entropy&cs=tinysrgb&fit=max&fm=jpg&ixid=MnwyMTg4MDh8MHwxfHNlYXJjaHwxfHxoZXJiYWwlMjB0ZWFzfGVufDB8fHx8MTYxOTAyOTIzNQ&ixlib=rb-1.2.1&q=80&w=1000
84,chamomile herbal teas,67,beverages,In stock,https://images.unsplash.com/photo-1563911892437-1feda0179e1b?crop=entropy&cs=tinysrgb&fit=max&fm=jpg&ixid=MnwyMTg4MDh8MHwxfHNlYXJjaHwxfHxjaGFtb21pbGUlMjBoZXJiYWwlMjB0ZWFzfGVufDB8fHx8MTYxOTAyOTIzNQ&ixlib=rb-1.2.1&q=80&w=1000
85,ginseng herbal teas,71,beverages,In stock,https://images.unsplash.com/photo-1497079629820-c63956881470?crop=entropy&cs=tinysrgb&fit=max&fm=jpg&ixid=MnwyMTg4MDh8MHwxfHNlYXJjaHwxfHxnaW5zZW5nJTIwaGVyYmFsJTIwdGVhc3xlbnwwfHx8fDE2MTkwMjkyMzY&ixlib=rb-1.2.1&q=80&w=1000
86,herbal remedy teas,45,beverages,In stock,https://images.unsplash.com/photo-1530104058652-53c30dab1fde?crop=entropy&cs=tinysrgb&fit=max&fm=jpg&ixid=MnwyMTg4MDh8MHwxfHNlYXJjaHwxfHxoZXJiYWwlMjByZW1lZHklMjB0ZWFzfGVufDB8fHx8MTYxOTAyOTIzNg&ixlib=rb-1.2.1&q=80&w=1000
87,hibiscus herbal teas,46,beverages,In stock,https://images.unsplash.com/photo-1571934811356-5cc061b6821f?crop=entropy&cs=tinysrgb&fit=max&fm=jpg&ixid=MnwyMTg4MDh8MHwxfHNlYXJjaHwxfHxoaWJpc2N1cyUyMGhlcmJhbCUyMHRlYXN8ZW58MHx8fHwxNjE5MDI5MjM3&ixlib=rb-1.2.1&q=80&w=1000
88,lemon herbal teas,62,beverages,In stock,https://images.unsplash.com/photo-1443131307017-4097c8ac7763?crop=entropy&cs=tinysrgb&fit=max&fm=jpg&ixid=MnwyMTg4MDh8MHwxfHNlYXJjaHwxfHxsZW1vbiUyMGhlcmJhbCUyMHRlYXN8ZW58MHx8fHwxNjE5MDI5MjM3&ixlib=rb-1.2.1&q=80&w=1000
89,mint herbal teas,31,beverages,In stock,https://images.unsplash.com/photo-1583752699764-5937e81fcd20?crop=entropy&cs=tinysrgb&fit=max&fm=jpg&ixid=MnwyMTg4MDh8MHwxfHNlYXJjaHwxfHxtaW50JTIwaGVyYmFsJTIwdGVhc3xlbnwwfHx8fDE2MTkwMjkyMzg&ixlib=rb-1.2.1&q=80&w=1000
90,orange herbal teas,43,beverages,In stock,https://images.unsplash.com/photo-1604298520021-9819622d0704?ixid=MnwxMjA3fDB8MHxwaG90by1wYWdlfHx8fGVufDB8fHx8&ixlib=rb-1.2.1&auto=format&fit=crop&w=2850&q=80
91,peach herbal teas,55,beverages,Out of stock,https://images.unsplash.com/photo-1549582031-a73b5eccdf89?crop=entropy&cs=tinysrgb&fit=max&fm=jpg&ixid=MnwyMTg4MDh8MHwxfHNlYXJjaHwxfHxwZWFjaCUyMGhlcmJhbCUyMHRlYXN8ZW58MHx8fHwxNjE5MDI5MjM5&ixlib=rb-1.2.1&q=80&w=1000
92,raspberry herbal teas,64,beverages,In stock,https://images.unsplash.com/photo-1523473052154-1cdb887a4ea4?crop=entropy&cs=tinysrgb&fit=max&fm=jpg&ixid=MnwyMTg4MDh8MHwxfHNlYXJjaHwxfHxyYXNwYmVycnklMjBoZXJiYWwlMjB0ZWFzfGVufDB8fHx8MTYxOTAyOTIzOQ&ixlib=rb-1.2.1&q=80&w=1000
93,rooibos teas,69,beverages,In stock,https://images.unsplash.com/photo-1598606689417-ce9744202b5c?crop=entropy&cs=tinysrgb&fit=max&fm=jpg&ixid=MnwyMTg4MDh8MHwxfHNlYXJjaHwxfHxyb29pYm9zJTIwdGVhc3xlbnwwfHx8fDE2MTkwMjkyNDA&ixlib=rb-1.2.1&q=80&w=1000
94,white teas,63,beverages,In stock,https://images.unsplash.com/photo-1517487881594-2787fef5ebf7?crop=entropy&cs=tinysrgb&fit=max&fm=jpg&ixid=MnwyMTg4MDh8MHwxfHNlYXJjaHwxfHx3aGl0ZSUyMHRlYXN8ZW58MHx8fHwxNjE5MDI5MjQx&ixlib=rb-1.2.1&q=80&w=1000
95,green silver needle teas,67,beverages,In stock,https://images.unsplash.com/photo-1597406568287-33390e68b277?ixid=MnwxMjA3fDB8MHxwaG90by1wYWdlfHx8fGVufDB8fHx8&ixlib=rb-1.2.1&auto=format&fit=crop&w=2850&q=80
96,persian melon teas,43,beverages,In stock,https://images.unsplash.com/photo-1597481499750-3e6b22637e12?ixlib=rb-1.2.1&ixid=MnwxMjA3fDB8MHxwaG90by1wYWdlfHx8fGVufDB8fHx8&auto=format&fit=crop&w=2851&q=80
97,white peony teas,25,beverages,In stock,https://images.unsplash.com/photo-1592062357348-07acb343764f?crop=entropy&cs=tinysrgb&fit=max&fm=jpg&ixid=MnwyMTg4MDh8MHwxfHNlYXJjaHwxfHx3aGl0ZSUyMHBlb255JTIwdGVhc3xlbnwwfHx8fDE2MTkwMjkyNDI&ixlib=rb-1.2.1&q=80&w=1000
98,butter,48,dairy,In stock,https://images.unsplash.com/photo-1589985270826-4b7bb135bc9d?crop=entropy&cs=tinysrgb&fit=max&fm=jpg&ixid=MnwyMTg4MDh8MHwxfHNlYXJjaHwxfHxidXR0ZXJ8ZW58MHx8fHwxNjE5MDI5MjQz&ixlib=rb-1.2.1&q=80&w=1000
99,cheeses,62,dairy,In stock,https://images.unsplash.com/photo-1486297678162-eb2a19b0a32d?crop=entropy&cs=tinysrgb&fit=max&fm=jpg&ixid=MnwyMTg4MDh8MHwxfHNlYXJjaHwxfHxjaGVlc2VzfGVufDB8fHx8MTYxOTAyOTI0Mw&ixlib=rb-1.2.1&q=80&w=1000
100,blue cheese,52,dairy,In stock,https://images.unsplash.com/photo-1595404640725-f179aff5ab1c?crop=entropy&cs=tinysrgb&fit=max&fm=jpg&ixid=MnwyMTg4MDh8MHwxfHNlYXJjaHwxfHxibHVlJTIwY2hlZXNlfGVufDB8fHx8MTYxOTAyOTI0NA&ixlib=rb-1.2.1&q=80&w=1000
101,gorgonzola cheese,26,dairy,Out of stock,https://images.unsplash.com/photo-1586934729655-1520a92e9827?ixid=MnwxMjA3fDB8MHxwaG90by1wYWdlfHx8fGVufDB8fHx8&ixlib=rb-1.2.1&auto=format&fit=crop&w=2850&q=80
102,roquefort cheese,69,dairy,In stock,https://images.unsplash.com/photo-1480951759438-f39a376462f2?ixid=MnwxMjA3fDB8MHxwaG90by1wYWdlfHx8fGVufDB8fHx8&ixlib=rb-1.2.1&auto=format&fit=crop&w=2849&q=80
103,stilton cheese,30,dairy,In stock,https://images.unsplash.com/photo-1452195100486-9cc805987862?ixid=MnwxMjA3fDB8MHxwaG90by1wYWdlfHx8fGVufDB8fHx8&ixlib=rb-1.2.1&auto=format&fit=crop&w=2850&q=80
104,cheese assortments and samplers,53,dairy,In stock,https://images.unsplash.com/photo-1517999586990-2126f2b0c97d?ixid=MnwxMjA3fDB8MHxwaG90by1wYWdlfHx8fGVufDB8fHx8&ixlib=rb-1.2.1&auto=format&fit=crop&w=2850&q=80
105,fresh cheeses,45,dairy,In stock,https://images.unsplash.com/photo-1591120583691-49d2741e55da?crop=entropy&cs=tinysrgb&fit=max&fm=jpg&ixid=MnwyMDAwMzl8MHwxfHNlYXJjaHwxfHxmcmVzaCUyMGNoZWVzZXN8ZW58MHx8fHwxNjE5MDI5MzMz&ixlib=rb-1.2.1&q=80&w=1000
106,cheese curds,43,dairy,In stock,https://www.thegunnysack.com/wp-content/uploads/2015/07/Fried-Cheese-Curds-Recipe.jpg
107,cottage cheese,51,dairy,In stock,https://images.unsplash.com/photo-1559561853-08451507cbe7?crop=entropy&cs=tinysrgb&fit=max&fm=jpg&ixid=MnwyMDAwMzl8MHwxfHNlYXJjaHwxfHxjb3R0YWdlJTIwY2hlZXNlfGVufDB8fHx8MTYxOTAyOTMzNA&ixlib=rb-1.2.1&q=80&w=1000
108,feta cheese,66,dairy,In stock,http://cdn.shopify.com/s/files/1/2836/2982/products/Feta_hero_grande.jpg?v=1529434179
109,mozzarella cheese,21,dairy,In stock,https://images.unsplash.com/photo-1529312266912-b33cfce2eefd?crop=entropy&cs=tinysrgb&fit=max&fm=jpg&ixid=MnwyMDAwMzl8MHwxfHNlYXJjaHwxfHxtb3p6YXJlbGxhJTIwY2hlZXNlfGVufDB8fHx8MTYxOTAyOTMzNQ&ixlib=rb-1.2.1&q=80&w=1000
110,mozarella string cheese,50,dairy,In stock,https://www.thedailymeal.com/sites/default/files/2018/09/19/copy/iStock-937574544.jpg
111,paneer cheese,22,dairy,Out of stock,https://images.unsplash.com/photo-1573821663912-569905455b1c?crop=entropy&cs=tinysrgb&fit=max&fm=jpg&ixid=MnwyMDAwMzl8MHwxfHNlYXJjaHwxfHxwYW5lZXIlMjBjaGVlc2V8ZW58MHx8fHwxNjE5MDI5MzM3&ixlib=rb-1.2.1&q=80&w=1000
112,quark cheese,39,dairy,In stock,https://images.unsplash.com/photo-1588609999074-a583ca7e8960?crop=entropy&cs=tinysrgb&fit=max&fm=jpg&ixid=MnwyMDAwMzl8MHwxfHNlYXJjaHwxfHxxdWFyayUyMGNoZWVzZXxlbnwwfHx8fDE2MTkwMjkzMzg&ixlib=rb-1.2.1&q=80&w=1000
113,queso fresco cheese,65,dairy,In stock,"https://www.thespruceeats.com/thmb/JYWW4LUGXz7Q8LxZnvlqhJFhBRo=/3000x2000/filters:fill(auto,1)/homemade-queso-fresco-3029782-hero-01-ff36a304312f4a329f820f69e280f24b.jpg"
114,queso blanco cheese,59,dairy,In stock,https://images.unsplash.com/photo-1579032121374-31c8ba70ec65?crop=entropy&cs=tinysrgb&fit=max&fm=jpg&ixid=MnwyMDAwMzl8MHwxfHNlYXJjaHwxfHxxdWVzbyUyMGJsYW5jbyUyMGNoZWVzZXxlbnwwfHx8fDE2MTkwMjkzMzk&ixlib=rb-1.2.1&q=80&w=1000
115,ricotta cheese,57,dairy,In stock,https://www.culinaryhill.com/wp-content/uploads/2019/02/How-to-Make-Ricotta-Cheese-Culinary-Hill-Square-HR-07-e1579202065634.jpg
116,hard cheeses,57,dairy,In stock,https://images.unsplash.com/photo-1522251253478-4cae03d93949?crop=entropy&cs=tinysrgb&fit=max&fm=jpg&ixid=MnwyMDAwMzl8MHwxfHNlYXJjaHwxfHxoYXJkJTIwY2hlZXNlc3xlbnwwfHx8fDE2MTkwMjkzNDA&ixlib=rb-1.2.1&q=80&w=1000
117,appenzell cheese,45,dairy,In stock,https://upload.wikimedia.org/wikipedia/commons/8/83/Appenzeller_%28cheese%29.jpg
118,asiago cheese,61,dairy,In stock,https://www.culturesforhealth.com/learn/wp-content/uploads/2016/04/How_to_Make_Asiago_cheese_header.jpg
119,grana padano cheese,30,dairy,In stock,https://cdn11.bigcommerce.com/s-8hw6y8no/images/stencil/1280x1280/products/180/426/Grana_Padano__81142.1379309770.JPG?c=2
120,gruyere cheese,30,dairy,In stock,https://img1.mashed.com/img/gallery/why-you-might-want-to-think-twice-about-eating-gruyere-cheese/l-intro-1608671540.jpg
121,mimolette cheese,52,dairy,Out of stock,https://cdn.shopify.com/s/files/1/0892/1540/products/Cheese_Counter-_Mimolette_Aged_Cheese_by_Cheesyplace.com_large.jpg?v=1527351784
123,pecorino cheese,20,dairy,In stock,https://images.unsplash.com/photo-1615932744704-683bbbab07fe?crop=entropy&cs=tinysrgb&fit=max&fm=jpg&ixid=MnwyMDAwMzl8MHwxfHNlYXJjaHwxfHxwZWNvcmlubyUyMGNoZWVzZXxlbnwwfHx8fDE2MTkwMjkzNDQ&ixlib=rb-1.2.1&q=80&w=1000
139,caciocavallo cheese,66,dairy,In stock,https://images.unsplash.com/photo-1562702633-8523e1bfd02a?crop=entropy&cs=tinysrgb&fit=max&fm=jpg&ixid=MnwyMDAwMzl8MHwxfHNlYXJjaHwxfHxjYWNpb2NhdmFsbG8lMjBjaGVlc2V8ZW58MHx8fHwxNjE5MDI5MzUz&ixlib=rb-1.2.1&q=80&w=1000
155,pepper jack cheese,56,dairy,In stock,https://images.unsplash.com/photo-1601912262364-3a35aa0d9399?crop=entropy&cs=tinysrgb&fit=max&fm=jpg&ixid=MnwyMjUwODN8MHwxfHNlYXJjaHwxfHxwZXBwZXIlMjBqYWNrJTIwY2hlZXNlfGVufDB8fHx8MTYxOTAzMjc2MQ&ixlib=rb-1.2.1&q=80&w=1000
178,cream,55,dairy,In stock,https://images.unsplash.com/photo-1576618148400-f54bed99fcfd?crop=entropy&cs=tinysrgb&fit=max&fm=jpg&ixid=MnwyMjUwODN8MHwxfHNlYXJjaHwxfHxjcmVhbXxlbnwwfHx8fDE2MTkwMzI3NzQ&ixlib=rb-1.2.1&q=80&w=1000
179,creme chantilly,57,dairy,In stock,https://images.unsplash.com/photo-1583415909347-cce1d2cd2958?crop=entropy&cs=tinysrgb&fit=max&fm=jpg&ixid=MnwyMjUwODN8MHwxfHNlYXJjaHwxfHxjcmVtZSUyMGNoYW50aWxseXxlbnwwfHx8fDE2MTkwMzI3NzU&ixlib=rb-1.2.1&q=80&w=1000
180,creme fraiche,31,dairy,In stock,https://images.unsplash.com/photo-1577906096429-f73c2c312435?crop=entropy&cs=tinysrgb&fit=max&fm=jpg&ixid=MnwyMjUwODN8MHwxfHNlYXJjaHwxfHxjcmVtZSUyMGZyYWljaGV8ZW58MHx8fHwxNjE5MDMyNzc1&ixlib=rb-1.2.1&q=80&w=1000
181,sour cream,25,dairy,Out of stock,https://images.unsplash.com/photo-1586152319516-d85a5c272a33?crop=entropy&cs=tinysrgb&fit=max&fm=jpg&ixid=MnwyMjUwODN8MHwxfHNlYXJjaHwxfHxzb3VyJTIwY3JlYW18ZW58MHx8fHwxNjE5MDMyNzc2&ixlib=rb-1.2.1&q=80&w=1000
182,whipping cream,71,dairy,In stock,https://www.simplyscratch.com/wp-content/uploads/2019/08/Best-Homemade-Whipped-Cream-Recipe-l-SimplyScratch.com-whipped-cream-fromscratch-homemade-bestrecipe-11-720x720.jpg
183,egg substitutes,55,dairy,In stock,https://images.unsplash.com/photo-1579008577893-3d57258d698b?crop=entropy&cs=tinysrgb&fit=max&fm=jpg&ixid=MnwyMjUwODN8MHwxfHNlYXJjaHwxfHxlZ2clMjBzdWJzdGl0dXRlc3xlbnwwfHx8fDE2MTkwMzI3Nzc&ixlib=rb-1.2.1&q=80&w=1000
184,gourmet food eggs,71,dairy,In stock,https://images.unsplash.com/photo-1551887358-e7fa2c69a402?crop=entropy&cs=tinysrgb&fit=max&fm=jpg&ixid=MnwyMjUwODN8MHwxfHNlYXJjaHwxfHxnb3VybWV0JTIwZm9vZCUyMGVnZ3N8ZW58MHx8fHwxNjE5MDMyNzc3&ixlib=rb-1.2.1&q=80&w=1000
185,dehydrated eggs,36,dairy,In stock,https://images.unsplash.com/photo-1611712142106-354e732f0986?crop=entropy&cs=tinysrgb&fit=max&fm=jpg&ixid=MnwyMjUwODN8MHwxfHNlYXJjaHwxfHxkZWh5ZHJhdGVkJTIwZWdnc3xlbnwwfHx8fDE2MTkwMzI3Nzg&ixlib=rb-1.2.1&q=80&w=1000
186,egg whites,22,dairy,In stock,https://images.heb.com/is/image/HEBGrocery/003376664
187,egg yolks,63,dairy,In stock,https://images.unsplash.com/photo-1570803247154-66f815573436?crop=entropy&cs=tinysrgb&fit=max&fm=jpg&ixid=MnwyMjUwODN8MHwxfHNlYXJjaHwxfHxlZ2clMjB5b2xrc3xlbnwwfHx8fDE2MTkwMzI3ODM&ixlib=rb-1.2.1&q=80&w=1000
189,milk,25,dairy,In stock,https://images.unsplash.com/photo-1550583724-b2692b85b150?crop=entropy&cs=tinysrgb&fit=max&fm=jpg&ixid=MnwyMTg4MDh8MHwxfHNlYXJjaHwxfHxtaWxrfGVufDB8fHx8MTYxOTAzMjgzMA&ixlib=rb-1.2.1&q=80&w=1000
190,buttermilk,21,dairy,In stock,https://images.unsplash.com/photo-1541976076758-347942db1975?crop=entropy&cs=tinysrgb&fit=max&fm=jpg&ixid=MnwyMjUwODN8MHwxfHNlYXJjaHwxfHxidXR0ZXJtaWxrfGVufDB8fHx8MTYxOTAzMjc4NA&ixlib=rb-1.2.1&q=80&w=1000
191,evaporated milk,48,dairy,Out of stock,https://images.unsplash.com/photo-1600871147778-fbcbcb7413cb?ixid=MnwxMjA3fDB8MHxwaG90by1wYWdlfHx8fGVufDB8fHx8&ixlib=rb-1.2.1&auto=format&fit=crop&w=2934&q=80
192,half and half,20,dairy,In stock,https://s3.amazonaws.com/finecooking.s3.tauntonclud.com/app/uploads/2017/04/24171326/ING-half-and-half-main.jpg
193,one percent milk,68,dairy,In stock,https://i5.walmartimages.com/asr/13a1152d-72fe-4b19-b5eb-1cb461c0194f_2.6f0a3dfd3ca357227b6c309af5f85336.jpeg
194,powdered milk,68,dairy,In stock,https://www.nevadamilk.com/wp-content/uploads/2020/04/powdered-milk.jpg
195,skim milk,37,dairy,In stock,https://thumbor.thedailymeal.com/IGmP5kHpbgOKKJM0VpADLvnUvjg=/870x565/https://www.thedailymeal.com/sites/default/files/story/2020/skimmilkmainhp-istock_thinkstock.jpg
196,sweetened condensed milk,35,dairy,In stock,https://i5.walmartimages.com/asr/c6340a9f-8396-4ced-b5df-9e4294df7a7f.0ba7a8ff2fc7015f3b8c352936966a3c.jpeg
197,two percent milk,37,dairy,In stock,https://horizon.com/wp-content/uploads/horizon-organic-2-percent-milk.jpg
198,whole milk,27,dairy,In stock,https://images.unsplash.com/photo-1591609009692-34b65eb9ee18?ixid=MnwxMjA3fDB8MHxwaG90by1wYWdlfHx8fGVufDB8fHx8&ixlib=rb-1.2.1&auto=format&fit=crop&w=2734&q=80
199,milk substitutes,71,dairy,In stock,https://images.unsplash.com/photo-1607292819104-c54624be6bc2?crop=entropy&cs=tinysrgb&fit=max&fm=jpg&ixid=MnwyMjUwODN8MHwxfHNlYXJjaHwxfHxtaWxrJTIwc3Vic3RpdHV0ZXN8ZW58MHx8fHwxNjE5MDMyNzg5&ixlib=rb-1.2.1&q=80&w=1000
200,rice milk,59,dairy,In stock,https://capital-brands-llc.imgix.net/recipe-r2362-rice-milk-fullsize-061602.jpg
201,soy milk,31,dairy,Out of stock,https://images.unsplash.com/photo-1555465083-a845797ef750?crop=entropy&cs=tinysrgb&fit=max&fm=jpg&ixid=MnwyMjUwODN8MHwxfHNlYXJjaHwxfHxzb3klMjBtaWxrfGVufDB8fHx8MTYxOTAzMjc5MA&ixlib=rb-1.2.1&q=80&w=1000
202,yogurt,42,dairy,In stock,https://images.unsplash.com/photo-1562114808-b4b33cf60f4f?crop=entropy&cs=tinysrgb&fit=max&fm=jpg&ixid=MnwyMTg4MDh8MHwxfHNlYXJjaHwxfHx5b2d1cnR8ZW58MHx8fHwxNjE5MDMyODMw&ixlib=rb-1.2.1&q=80&w=1000
203,cakes and pastries,38,desserts,In stock,https://images.unsplash.com/photo-1493807879848-13f1500cee7f?crop=entropy&cs=tinysrgb&fit=max&fm=jpg&ixid=MnwyMTg4MDh8MHwxfHNlYXJjaHwxfHxjYWtlcyUyMGFuZCUyMHBhc3RyaWVzfGVufDB8fHx8MTYxOTAzMjgzMQ&ixlib=rb-1.2.1&q=80&w=1000
204,baklava,24,desserts,In stock,https://images.unsplash.com/photo-1594981449006-3bb015dd305a?crop=entropy&cs=tinysrgb&fit=max&fm=jpg&ixid=MnwyMTg4MDh8MHwxfHNlYXJjaHwxfHxiYWtsYXZhfGVufDB8fHx8MTYxOTAzMjgzMQ&ixlib=rb-1.2.1&q=80&w=1000
205,brownies,30,desserts,In stock,https://images.unsplash.com/photo-1607920591413-4ec007e70023?crop=entropy&cs=tinysrgb&fit=max&fm=jpg&ixid=MnwyMTg4MDh8MHwxfHNlYXJjaHwxfHxicm93bmllc3xlbnwwfHx8fDE2MTkwMzI4MzI&ixlib=rb-1.2.1&q=80&w=1000
206,cakes,30,desserts,In stock,https://images.unsplash.com/photo-1578985545062-69928b1d9587?crop=entropy&cs=tinysrgb&fit=max&fm=jpg&ixid=MnwyMTg4MDh8MHwxfHNlYXJjaHwxfHxjYWtlc3xlbnwwfHx8fDE2MTkwMzI4MzI&ixlib=rb-1.2.1&q=80&w=1000
207,bundt cakes,36,desserts,In stock,https://images.unsplash.com/photo-1542691505-5599a182d9c7?crop=entropy&cs=tinysrgb&fit=max&fm=jpg&ixid=MnwyMTg4MDh8MHwxfHNlYXJjaHwxfHxidW5kdCUyMGNha2VzfGVufDB8fHx8MTYxOTAzMjgzMg&ixlib=rb-1.2.1&q=80&w=1000
208,cheesecakes,53,desserts,In stock,https://images.unsplash.com/photo-1611157580316-aaabefe2a0a6?crop=entropy&cs=tinysrgb&fit=max&fm=jpg&ixid=MnwyMTg4MDh8MHwxfHNlYXJjaHwxfHxjaGVlc2VjYWtlc3xlbnwwfHx8fDE2MTkwMzI4MzM&ixlib=rb-1.2.1&q=80&w=1000
209,new york style cheesecakes,30,desserts,In stock,https://www.seriouseats.com/2019/05/20190520-cheesecake-vicky-wasik-34-1500x1125.jpg
210,coffeecakes,62,desserts,In stock,https://www.kingarthurbaking.com/sites/default/files/styles/featured_image/public/recipe_legacy/128-3-large.jpg?itok=6Cv5oS6m
211,flan and creme caramel,37,desserts,Out of stock,https://images.unsplash.com/photo-1551024567-92a7053cb4a0?crop=entropy&cs=tinysrgb&fit=max&fm=jpg&ixid=MnwyMTg4MDh8MHwxfHNlYXJjaHwxfHxmbGFuJTIwYW5kJTIwY3JlbWUlMjBjYXJhbWVsfGVufDB8fHx8MTYxOTAzMjgzNQ&ixlib=rb-1.2.1&q=80&w=1000
212,fruitcakes,61,desserts,In stock,https://images.unsplash.com/photo-1481391243133-f96216dcb5d2?crop=entropy&cs=tinysrgb&fit=max&fm=jpg&ixid=MnwyMTg4MDh8MHwxfHNlYXJjaHwxfHxmcnVpdGNha2VzfGVufDB8fHx8MTYxOTAzMjgzNQ&ixlib=rb-1.2.1&q=80&w=1000
213,layer cakes,65,desserts,In stock,https://images.unsplash.com/photo-1535254973040-607b474cb50d?crop=entropy&cs=tinysrgb&fit=max&fm=jpg&ixid=MnwyMTg4MDh8MHwxfHNlYXJjaHwxfHxsYXllciUyMGNha2VzfGVufDB8fHx8MTYxOTAzMjgzNg&ixlib=rb-1.2.1&q=80&w=1000
214,panettones,38,desserts,In stock,https://images.unsplash.com/photo-1545623067-8d28f65cb806?crop=entropy&cs=tinysrgb&fit=max&fm=jpg&ixid=MnwyMTg4MDh8MHwxfHNlYXJjaHwxfHxwYW5ldHRvbmVzfGVufDB8fHx8MTYxOTAzMjgzNg&ixlib=rb-1.2.1&q=80&w=1000
215,pound cakes,49,desserts,In stock,https://images.unsplash.com/photo-1612095731185-02430573c514?crop=entropy&cs=tinysrgb&fit=max&fm=jpg&ixid=MnwyMTg4MDh8MHwxfHNlYXJjaHwxfHxwb3VuZCUyMGNha2VzfGVufDB8fHx8MTYxOTAzMjgzNw&ixlib=rb-1.2.1&q=80&w=1000
216,spice cakes,64,desserts,In stock,https://images.unsplash.com/photo-1594356281855-da37851acd4b?crop=entropy&cs=tinysrgb&fit=max&fm=jpg&ixid=MnwyMTg4MDh8MHwxfHNlYXJjaHwxfHxzcGljZSUyMGNha2VzfGVufDB8fHx8MTYxOTAzMjgzNw&ixlib=rb-1.2.1&q=80&w=1000
217,sponge cakes,40,desserts,In stock,https://images.unsplash.com/photo-1536688261748-9d56b3acf077?crop=entropy&cs=tinysrgb&fit=max&fm=jpg&ixid=MnwyMTg4MDh8MHwxfHNlYXJjaHwxfHxzcG9uZ2UlMjBjYWtlc3xlbnwwfHx8fDE2MTkwMzI4Mzg&ixlib=rb-1.2.1&q=80&w=1000
218,stollen,51,desserts,In stock,https://images.unsplash.com/photo-1481391243133-f96216dcb5d2?crop=entropy&cs=tinysrgb&fit=max&fm=jpg&ixid=MnwyMTg4MDh8MHwxfHNlYXJjaHwxfHxzdG9sbGVufGVufDB8fHx8MTYxOTAzMjgzOQ&ixlib=rb-1.2.1&q=80&w=1000
219,teacakes,50,desserts,In stock,https://images.unsplash.com/photo-1614597330482-ecc642977933?crop=entropy&cs=tinysrgb&fit=max&fm=jpg&ixid=MnwyMTg4MDh8MHwxfHNlYXJjaHwxfHx0ZWFjYWtlc3xlbnwwfHx8fDE2MTkwMzI4Mzk&ixlib=rb-1.2.1&q=80&w=1000
220,petits fours,27,desserts,In stock,https://images.unsplash.com/photo-1610119978638-f41a63e0f84c?crop=entropy&cs=tinysrgb&fit=max&fm=jpg&ixid=MnwyMTg4MDh8MHwxfHNlYXJjaHwxfHxwZXRpdHMlMjBmb3Vyc3xlbnwwfHx8fDE2MTkwMzI4Mzk&ixlib=rb-1.2.1&q=80&w=1000
221,tiramisu,21,desserts,Out of stock,https://images.unsplash.com/photo-1542326237-94b1c5a538d4?crop=entropy&cs=tinysrgb&fit=max&fm=jpg&ixid=MnwyMTg4MDh8MHwxfHNlYXJjaHwxfHx0aXJhbWlzdXxlbnwwfHx8fDE2MTkwMzI4NDA&ixlib=rb-1.2.1&q=80&w=1000
222,tortes,39,desserts,In stock,https://images.unsplash.com/photo-1615037429447-60d8489d2baa?crop=entropy&cs=tinysrgb&fit=max&fm=jpg&ixid=MnwyMTg4MDh8MHwxfHNlYXJjaHwxfHx0b3J0ZXN8ZW58MHx8fHwxNjE5MDMyODQx&ixlib=rb-1.2.1&q=80&w=1000
226,doughnuts,70,desserts,In stock,https://images.unsplash.com/photo-1490644120458-f5e5c71d2ab0?crop=entropy&cs=tinysrgb&fit=max&fm=jpg&ixid=MnwyMjUwODN8MHwxfHNlYXJjaHwzfHxkb3VnaG51dHN8ZW58MHx8fHwxNjE5MDM1MzI4&ixlib=rb-1.2.1&q=80&w=1000
227,eclairs,32,desserts,In stock,https://images.unsplash.com/photo-1600617953089-596dd7040223?crop=entropy&cs=tinysrgb&fit=max&fm=jpg&ixid=MnwyMTg4MDh8MHwxfHNlYXJjaHwxfHxlY2xhaXJzfGVufDB8fHx8MTYxOTAzMjg0Mw&ixlib=rb-1.2.1&q=80&w=1000
228,pies,36,desserts,In stock,https://images.unsplash.com/photo-1519915028121-7d3463d20b13?crop=entropy&cs=tinysrgb&fit=max&fm=jpg&ixid=MnwyMTg4MDh8MHwxfHNlYXJjaHwxfHxwaWVzfGVufDB8fHx8MTYxOTAzMjg0Mw&ixlib=rb-1.2.1&q=80&w=1000
229,tarts,26,desserts,In stock,https://images.unsplash.com/photo-1560180474-e8563fd75bab?crop=entropy&cs=tinysrgb&fit=max&fm=jpg&ixid=MnwyMTg4MDh8MHwxfHNlYXJjaHwxfHx0YXJ0c3xlbnwwfHx8fDE2MTkwMzI4NDQ&ixlib=rb-1.2.1&q=80&w=1000
230,candy brittle,36,desserts,In stock,https://images.unsplash.com/photo-1499195333224-3ce974eecb47?crop=entropy&cs=tinysrgb&fit=max&fm=jpg&ixid=MnwyMTg4MDh8MHwxfHNlYXJjaHwxfHxjYW5keSUyMGJyaXR0bGV8ZW58MHx8fHwxNjE5MDMyODQ0&ixlib=rb-1.2.1&q=80&w=1000
231,candy mints,66,desserts,Out of stock,https://images.unsplash.com/photo-1542849187-5ec6ea5e6a27?crop=entropy&cs=tinysrgb&fit=max&fm=jpg&ixid=MnwyMTg4MDh8MHwxfHNlYXJjaHwxfHxjYW5keSUyMG1pbnRzfGVufDB8fHx8MTYxOTAzMjg0NQ&ixlib=rb-1.2.1&q=80&w=1000
232,butter mints candy,52,desserts,In stock,https://images.unsplash.com/photo-1536351425844-145ebdae32d8?crop=entropy&cs=tinysrgb&fit=max&fm=jpg&ixid=MnwyMTg4MDh8MHwxfHNlYXJjaHwxfHxidXR0ZXIlMjBtaW50cyUyMGNhbmR5fGVufDB8fHx8MTYxOTAzMjg0NQ&ixlib=rb-1.2.1&q=80&w=1000
234,dutch mints candy,58,desserts,In stock,https://images.unsplash.com/photo-1499195333224-3ce974eecb47?crop=entropy&cs=tinysrgb&fit=max&fm=jpg&ixid=MnwyMTg4MDh8MHwxfHNlYXJjaHwxfHxkdXRjaCUyMG1pbnRzJTIwY2FuZHl8ZW58MHx8fHwxNjE5MDMyODQ2&ixlib=rb-1.2.1&q=80&w=1000
238,caramel candy,21,desserts,In stock,https://images.unsplash.com/photo-1594149433274-005eb6420335?crop=entropy&cs=tinysrgb&fit=max&fm=jpg&ixid=MnwyMTg4MDh8MHwxfHNlYXJjaHwxfHxjYXJhbWVsJTIwY2FuZHl8ZW58MHx8fHwxNjE5MDMyODQ5&ixlib=rb-1.2.1&q=80&w=1000
241,fudge,22,desserts,Out of stock,https://images.unsplash.com/photo-1566760376154-9166bc788f56?crop=entropy&cs=tinysrgb&fit=max&fm=jpg&ixid=MnwyMTg4MDh8MHwxfHNlYXJjaHwxfHxmdWRnZXxlbnwwfHx8fDE2MTkwMzI4NTE&ixlib=rb-1.2.1&q=80&w=1000
242,gummy candy,66,desserts,In stock,https://images.unsplash.com/photo-1599268902900-67c75540d589?crop=entropy&cs=tinysrgb&fit=max&fm=jpg&ixid=MnwyMTg4MDh8MHwxfHNlYXJjaHwxfHxndW1teSUyMGNhbmR5fGVufDB8fHx8MTYxOTAzMjg1MQ&ixlib=rb-1.2.1&q=80&w=1000
246,hard candy,52,desserts,In stock,https://images.unsplash.com/photo-1523992038393-d5ab874a077e?crop=entropy&cs=tinysrgb&fit=max&fm=jpg&ixid=MnwyMTg4MDh8MHwxfHNlYXJjaHwxfHxoYXJkJTIwY2FuZHl8ZW58MHx8fHwxNjE5MDMyODUz&ixlib=rb-1.2.1&q=80&w=1000
248,jelly beans,47,desserts,In stock,https://images.unsplash.com/photo-1519687079572-8a59631f3685?crop=entropy&cs=tinysrgb&fit=max&fm=jpg&ixid=MnwyMTg4MDh8MHwxfHNlYXJjaHwxfHxqZWxseSUyMGJlYW5zfGVufDB8fHx8MTYxOTAzMjg1NA&ixlib=rb-1.2.1&q=80&w=1000
249,licorice candy,54,desserts,In stock,https://images.unsplash.com/photo-1521905844287-b50baaa33df3?crop=entropy&cs=tinysrgb&fit=max&fm=jpg&ixid=MnwyMTg4MDh8MHwxfHNlYXJjaHwxfHxsaWNvcmljZSUyMGNhbmR5fGVufDB8fHx8MTYxOTAzMjg1NQ&ixlib=rb-1.2.1&q=80&w=1000
250,marshmallows,34,desserts,In stock,https://images.unsplash.com/photo-1510672981848-a1c4f1cb5ccf?crop=entropy&cs=tinysrgb&fit=max&fm=jpg&ixid=MnwyMTg4MDh8MHwxfHNlYXJjaHwxfHxtYXJzaG1hbGxvd3N8ZW58MHx8fHwxNjE5MDMyODU1&ixlib=rb-1.2.1&q=80&w=1000
251,almond cookies,60,desserts,Out of stock,https://images.unsplash.com/photo-1618918850474-3a674e23c41c?crop=entropy&cs=tinysrgb&fit=max&fm=jpg&ixid=MnwyMTg4MDh8MHwxfHNlYXJjaHwxfHxhbG1vbmQlMjBjb29raWVzfGVufDB8fHx8MTYxOTAzMjg1Ng&ixlib=rb-1.2.1&q=80&w=1000
252,amaretti,71,desserts,In stock,https://images.unsplash.com/photo-1454435840133-795d84feef63?crop=entropy&cs=tinysrgb&fit=max&fm=jpg&ixid=MnwyMDAwMzl8MHwxfHNlYXJjaHwxfHxhbWFyZXR0aXxlbnwwfHx8fDE2MTkwMzI4Nzc&ixlib=rb-1.2.1&q=80&w=1000
253,biscotti,64,desserts,In stock,https://images.unsplash.com/photo-1505148454817-2fb30960599d?crop=entropy&cs=tinysrgb&fit=max&fm=jpg&ixid=MnwyMDAwMzl8MHwxfHNlYXJjaHwxfHxiaXNjb3R0aXxlbnwwfHx8fDE2MTkwMzI4Nzg&ixlib=rb-1.2.1&q=80&w=1000
254,biscuits gourmet,53,desserts,In stock,https://images.unsplash.com/photo-1504050502639-3d3c3f6266cd?crop=entropy&cs=tinysrgb&fit=max&fm=jpg&ixid=MnwyMDAwMzl8MHwxfHNlYXJjaHwxfHxiaXNjdWl0cyUyMGdvdXJtZXR8ZW58MHx8fHwxNjE5MDMyODc4&ixlib=rb-1.2.1&q=80&w=1000
255,butter cookies,48,desserts,In stock,https://images.unsplash.com/photo-1607919565782-d49c91cb46cd?crop=entropy&cs=tinysrgb&fit=max&fm=jpg&ixid=MnwyMDAwMzl8MHwxfHNlYXJjaHwxfHxidXR0ZXIlMjBjb29raWVzfGVufDB8fHx8MTYxOTAzMjg3OQ&ixlib=rb-1.2.1&q=80&w=1000
256,chocolate chip cookies,34,desserts,In stock,https://images.unsplash.com/photo-1499636136210-6f4ee915583e?crop=entropy&cs=tinysrgb&fit=max&fm=jpg&ixid=MnwyMDAwMzl8MHwxfHNlYXJjaHwxfHxjaG9jb2xhdGUlMjBjaGlwJTIwY29va2llc3xlbnwwfHx8fDE2MTkwMzI4Nzk&ixlib=rb-1.2.1&q=80&w=1000
257,chocolate cookies,53,desserts,In stock,https://images.unsplash.com/photo-1547047803-fa4a5f94ffd2?crop=entropy&cs=tinysrgb&fit=max&fm=jpg&ixid=MnwyMDAwMzl8MHwxfHNlYXJjaHwxfHxjaG9jb2xhdGUlMjBjb29raWVzfGVufDB8fHx8MTYxOTAzMjg4MA&ixlib=rb-1.2.1&q=80&w=1000
258,fortune cookies,61,desserts,In stock,https://images.unsplash.com/photo-1572081607214-0de94760c0ea?crop=entropy&cs=tinysrgb&fit=max&fm=jpg&ixid=MnwyMDAwMzl8MHwxfHNlYXJjaHwxfHxmb3J0dW5lJTIwY29va2llc3xlbnwwfHx8fDE2MTkwMzI4ODE&ixlib=rb-1.2.1&q=80&w=1000
259,french biscuits,21,desserts,In stock,https://images.unsplash.com/photo-1616263703936-7e945e297fb4?crop=entropy&cs=tinysrgb&fit=max&fm=jpg&ixid=MnwyMDAwMzl8MHwxfHNlYXJjaHwxfHxmcmVuY2glMjBiaXNjdWl0c3xlbnwwfHx8fDE2MTkwMzI4ODE&ixlib=rb-1.2.1&q=80&w=1000
260,galettes,45,desserts,In stock,https://images.unsplash.com/photo-1591538055626-e7f795fefc53?crop=entropy&cs=tinysrgb&fit=max&fm=jpg&ixid=MnwyMDAwMzl8MHwxfHNlYXJjaHwxfHxnYWxldHRlc3xlbnwwfHx8fDE2MTkwMzI4ODI&ixlib=rb-1.2.1&q=80&w=1000
261,ginger snaps,63,desserts,Out of stock,https://images.unsplash.com/photo-1607919565317-3ab3dd5abafd?crop=entropy&cs=tinysrgb&fit=max&fm=jpg&ixid=MnwyMDAwMzl8MHwxfHNlYXJjaHwxfHxnaW5nZXIlMjBzbmFwc3xlbnwwfHx8fDE2MTkwMzI4ODI&ixlib=rb-1.2.1&q=80&w=1000
263,madeleines,71,desserts,In stock,https://images.unsplash.com/photo-1530798201275-36788656a333?crop=entropy&cs=tinysrgb&fit=max&fm=jpg&ixid=MnwyMDAwMzl8MHwxfHNlYXJjaHwxfHxtYWRlbGVpbmVzfGVufDB8fHx8MTYxOTAzMjg4Mw&ixlib=rb-1.2.1&q=80&w=1000
265,oatmeal cookies,62,desserts,In stock,https://images.unsplash.com/photo-1573653333959-ef3461b049c4?crop=entropy&cs=tinysrgb&fit=max&fm=jpg&ixid=MnwyMDAwMzl8MHwxfHNlYXJjaHwxfHxvYXRtZWFsJTIwY29va2llc3xlbnwwfHx8fDE2MTkwMzI4ODQ&ixlib=rb-1.2.1&q=80&w=1000
267,peanut butter cookies,47,desserts,In stock,https://images.unsplash.com/photo-1617062598156-23596804ad6d?crop=entropy&cs=tinysrgb&fit=max&fm=jpg&ixid=MnwyMDAwMzl8MHwxfHNlYXJjaHwxfHxwZWFudXQlMjBidXR0ZXIlMjBjb29raWVzfGVufDB8fHx8MTYxOTAzMjg4NQ&ixlib=rb-1.2.1&q=80&w=1000
268,pecan sandies cookies,23,desserts,In stock,https://images.unsplash.com/photo-1593027570640-708cc299a557?crop=entropy&cs=tinysrgb&fit=max&fm=jpg&ixid=MnwyMDAwMzl8MHwxfHNlYXJjaHwxfHxwZWNhbiUyMHNhbmRpZXMlMjBjb29raWVzfGVufDB8fHx8MTYxOTAzMjg4Ng&ixlib=rb-1.2.1&q=80&w=1000
269,pizzelle cookies,67,desserts,In stock,https://images.unsplash.com/photo-1576717585626-d690a699f33c?crop=entropy&cs=tinysrgb&fit=max&fm=jpg&ixid=MnwyMDAwMzl8MHwxfHNlYXJjaHwxfHxwaXp6ZWxsZSUyMGNvb2tpZXN8ZW58MHx8fHwxNjE5MDMyODg2&ixlib=rb-1.2.1&q=80&w=1000
270,sandwich cookies,39,desserts,In stock,https://images.unsplash.com/photo-1613620007818-4d460f960fad?crop=entropy&cs=tinysrgb&fit=max&fm=jpg&ixid=MnwyMDAwMzl8MHwxfHNlYXJjaHwxfHxzYW5kd2ljaCUyMGNvb2tpZXN8ZW58MHx8fHwxNjE5MDMyODg3&ixlib=rb-1.2.1&q=80&w=1000
272,frozen yogurt,33,desserts,In stock,https://images.unsplash.com/photo-1498190338361-82055e010b39?crop=entropy&cs=tinysrgb&fit=max&fm=jpg&ixid=MnwyMDAwMzl8MHwxfHNlYXJjaHwxfHxmcm96ZW4lMjB5b2d1cnR8ZW58MHx8fHwxNjE5MDMyODg4&ixlib=rb-1.2.1&q=80&w=1000
273,gelato,23,desserts,In stock,https://images.unsplash.com/photo-1559703248-dcaaec9fab78?crop=entropy&cs=tinysrgb&fit=max&fm=jpg&ixid=MnwyMDAwMzl8MHwxfHNlYXJjaHwxfHxnZWxhdG98ZW58MHx8fHwxNjE5MDMyODg4&ixlib=rb-1.2.1&q=80&w=1000
274,ice cream,39,desserts,In stock,https://images.unsplash.com/photo-1497034825429-c343d7c6a68f?crop=entropy&cs=tinysrgb&fit=max&fm=jpg&ixid=MnwyMDAwMzl8MHwxfHNlYXJjaHwxfHxpY2UlMjBjcmVhbXxlbnwwfHx8fDE2MTkwMzI4ODg&ixlib=rb-1.2.1&q=80&w=1000
275,ice cream cakes,24,desserts,In stock,https://images.unsplash.com/photo-1601409751311-cbecfe223af4?crop=entropy&cs=tinysrgb&fit=max&fm=jpg&ixid=MnwyMDAwMzl8MHwxfHNlYXJjaHwxfHxpY2UlMjBjcmVhbSUyMGNha2VzfGVufDB8fHx8MTYxOTAzMjg4OQ&ixlib=rb-1.2.1&q=80&w=1000
276,ice cream pies,24,desserts,In stock,https://images.unsplash.com/photo-1514424350208-755887f7b374?crop=entropy&cs=tinysrgb&fit=max&fm=jpg&ixid=MnwyMDAwMzl8MHwxfHNlYXJjaHwxfHxpY2UlMjBjcmVhbSUyMHBpZXN8ZW58MHx8fHwxNjE5MDMyODkw&ixlib=rb-1.2.1&q=80&w=1000
277,ice cream sandwiches,39,desserts,In stock,https://images.unsplash.com/photo-1559622214-f8a9850965bb?crop=entropy&cs=tinysrgb&fit=max&fm=jpg&ixid=MnwyMDAwMzl8MHwxfHNlYXJjaHwxfHxpY2UlMjBjcmVhbSUyMHNhbmR3aWNoZXN8ZW58MHx8fHwxNjE5MDMyODkw&ixlib=rb-1.2.1&q=80&w=1000
278,italian ices,39,desserts,In stock,https://images.unsplash.com/photo-1579665774320-f9ed0ae030e8?crop=entropy&cs=tinysrgb&fit=max&fm=jpg&ixid=MnwyMDAwMzl8MHwxfHNlYXJjaHwxfHxpdGFsaWFuJTIwaWNlc3xlbnwwfHx8fDE2MTkwMzI4OTE&ixlib=rb-1.2.1&q=80&w=1000
279,popsicles,67,desserts,In stock,https://images.unsplash.com/photo-1595871277397-08901ed2d7f9?crop=entropy&cs=tinysrgb&fit=max&fm=jpg&ixid=MnwyMDAwMzl8MHwxfHNlYXJjaHwxfHxwb3BzaWNsZXN8ZW58MHx8fHwxNjE5MDMyODkx&ixlib=rb-1.2.1&q=80&w=1000
280,rice milk ice cream,30,desserts,In stock,https://images.unsplash.com/photo-1598514982205-f36b96d1e8d4?crop=entropy&cs=tinysrgb&fit=max&fm=jpg&ixid=MnwyMDAwMzl8MHwxfHNlYXJjaHwxfHxyaWNlJTIwbWlsayUyMGljZSUyMGNyZWFtfGVufDB8fHx8MTYxOTAzMjg5Mg&ixlib=rb-1.2.1&q=80&w=1000
281,sherbets,46,desserts,Out of stock,https://images.unsplash.com/photo-1581268879726-e9066753b737?crop=entropy&cs=tinysrgb&fit=max&fm=jpg&ixid=MnwyMDAwMzl8MHwxfHNlYXJjaHwxfHxzaGVyYmV0c3xlbnwwfHx8fDE2MTkwMzI4OTI&ixlib=rb-1.2.1&q=80&w=1000
282,sorbet,56,desserts,In stock,https://images.unsplash.com/photo-1579954115567-dff2eeb6fdeb?crop=entropy&cs=tinysrgb&fit=max&fm=jpg&ixid=MnwyMDAwMzl8MHwxfHNlYXJjaHwxfHxzb3JiZXR8ZW58MHx8fHwxNjE5MDMyODkz&ixlib=rb-1.2.1&q=80&w=1000
283,soy milk ice cream,36,desserts,In stock,https://images.unsplash.com/photo-1595177925027-5adbfb16a75b?crop=entropy&cs=tinysrgb&fit=max&fm=jpg&ixid=MnwyMDAwMzl8MHwxfHNlYXJjaHwxfHxzb3klMjBtaWxrJTIwaWNlJTIwY3JlYW18ZW58MHx8fHwxNjE5MDMyODkz&ixlib=rb-1.2.1&q=80&w=1000
284,acorns,28,dry goods,In stock,https://images.unsplash.com/photo-1528320128924-a8ed6df0c8a9?ixid=MnwxMjA3fDB8MHxwaG90by1wYWdlfHx8fGVufDB8fHx8&ixlib=rb-1.2.1&auto=format&fit=crop&w=2850&q=80
285,almonds,20,dry goods,In stock,https://images.unsplash.com/photo-1508061253366-f7da158b6d46?crop=entropy&cs=tinysrgb&fit=max&fm=jpg&ixid=MnwyMDAwMzl8MHwxfHNlYXJjaHwxfHxhbG1vbmRzfGVufDB8fHx8MTYxOTAzMjg5NA&ixlib=rb-1.2.1&q=80&w=1000
286,brazil nuts,55,dry goods,In stock,https://images.unsplash.com/photo-1535402268999-4d21c6cc5b5a?crop=entropy&cs=tinysrgb&fit=max&fm=jpg&ixid=MnwyMDAwMzl8MHwxfHNlYXJjaHwxfHxicmF6aWwlMjBudXRzfGVufDB8fHx8MTYxOTAzMjg5NQ&ixlib=rb-1.2.1&q=80&w=1000
287,cashews,22,dry goods,In stock,https://images.unsplash.com/photo-1509912760195-4f6cfd8cce2c?crop=entropy&cs=tinysrgb&fit=max&fm=jpg&ixid=MnwyMDAwMzl8MHwxfHNlYXJjaHwxfHxjYXNoZXdzfGVufDB8fHx8MTYxOTAzMjg5NQ&ixlib=rb-1.2.1&q=80&w=1000
288,chestnuts,57,dry goods,In stock,https://images.unsplash.com/photo-1513873221223-56a0bd9439fc?crop=entropy&cs=tinysrgb&fit=max&fm=jpg&ixid=MnwyMDAwMzl8MHwxfHNlYXJjaHwxfHxjaGVzdG51dHN8ZW58MHx8fHwxNjE5MDMyODk2&ixlib=rb-1.2.1&q=80&w=1000
289,hazelnuts,33,dry goods,In stock,https://images.unsplash.com/photo-1546793515-d1666ab4cd0a?crop=entropy&cs=tinysrgb&fit=max&fm=jpg&ixid=MnwyMDAwMzl8MHwxfHNlYXJjaHwxfHxoYXplbG51dHN8ZW58MHx8fHwxNjE5MDMyODk2&ixlib=rb-1.2.1&q=80&w=1000
290,macadamia nuts,56,dry goods,In stock,https://images.unsplash.com/photo-1505253364048-bf56659875a6?crop=entropy&cs=tinysrgb&fit=max&fm=jpg&ixid=MnwyMDAwMzl8MHwxfHNlYXJjaHwxfHxtYWNhZGFtaWElMjBudXRzfGVufDB8fHx8MTYxOTAzMjg5Nw&ixlib=rb-1.2.1&q=80&w=1000
291,mixed nuts,49,dry goods,Out of stock,https://images.unsplash.com/photo-1598371623789-44e341c1b6ab?crop=entropy&cs=tinysrgb&fit=max&fm=jpg&ixid=MnwyMDAwMzl8MHwxfHNlYXJjaHwxfHxtaXhlZCUyMG51dHN8ZW58MHx8fHwxNjE5MDMyODk3&ixlib=rb-1.2.1&q=80&w=1000
292,peanuts,30,dry goods,In stock,https://images.unsplash.com/photo-1560381044-dcef2a8888d8?crop=entropy&cs=tinysrgb&fit=max&fm=jpg&ixid=MnwyMDAwMzl8MHwxfHNlYXJjaHwxfHxwZWFudXRzfGVufDB8fHx8MTYxOTAzMjg5Nw&ixlib=rb-1.2.1&q=80&w=1000
293,pecans,69,dry goods,In stock,https://images.unsplash.com/photo-1586917544890-3cd367449a34?crop=entropy&cs=tinysrgb&fit=max&fm=jpg&ixid=MnwyMDAwMzl8MHwxfHNlYXJjaHwxfHxwZWNhbnN8ZW58MHx8fHwxNjE5MDMyODk4&ixlib=rb-1.2.1&q=80&w=1000
294,pistachios,65,dry goods,In stock,https://images.unsplash.com/photo-1502825751399-28baa9b81efe?crop=entropy&cs=tinysrgb&fit=max&fm=jpg&ixid=MnwyMDAwMzl8MHwxfHNlYXJjaHwxfHxwaXN0YWNoaW9zfGVufDB8fHx8MTYxOTAzMjg5OA&ixlib=rb-1.2.1&q=80&w=1000
295,soy nuts,59,dry goods,In stock,https://images.unsplash.com/photo-1603731834273-81c8b742de20?crop=entropy&cs=tinysrgb&fit=max&fm=jpg&ixid=MnwyMDAwMzl8MHwxfHNlYXJjaHwxfHxzb3klMjBudXRzfGVufDB8fHx8MTYxOTAzMjg5OQ&ixlib=rb-1.2.1&q=80&w=1000
296,walnuts,52,dry goods,In stock,https://images.unsplash.com/flagged/photo-1579410137922-543ed48d263e?crop=entropy&cs=tinysrgb&fit=max&fm=jpg&ixid=MnwyMDAwMzl8MHwxfHNlYXJjaHwxfHx3YWxudXRzfGVufDB8fHx8MTYxOTAzMjg5OQ&ixlib=rb-1.2.1&q=80&w=1000
297,fen noodles,22,dry goods,In stock,https://oldspitalfieldsmarket.com/cms/2019/10/thumbnail_Image-4-e1613056995186.jpg
298,rice flake noodles,44,dry goods,In stock,https://www.rotinrice.com/wp-content/uploads/2014/02/ChicRiceFlakeNSoup-1.jpg
299,rice stick noodles,32,dry goods,In stock,https://static01.nyt.com/images/2010/09/10/health/10recipehealth_600/10recipehealth_600-articleLarge-v2.jpg
300,rice vermicelli,42,dry goods,In stock,https://images.unsplash.com/photo-1618399820443-9ff3860ac373?crop=entropy&cs=tinysrgb&fit=max&fm=jpg&ixid=MnwyMDAwMzl8MHwxfHNlYXJjaHwxfHxyaWNlJTIwdmVybWljZWxsaXxlbnwwfHx8fDE2MTkwMzI5MDI&ixlib=rb-1.2.1&q=80&w=1000
301,silver pin noodles,26,dry goods,Out of stock,https://lh3.googleusercontent.com/uO25fHcvFdlTE3Hoxat6Vu5NBUZa1zqTpNVUiYRV0Cbd6ZlFGuJjeW1OY5nVtxCcAV5GXggOAsU8GIVFRUq6FnVm1nWkRNUxtm4bklMLU_OqAl4H3HMXeM-Yazbi5nwqMd9IRlp8E9TYKRaeaqfEBb4uy9v4tJOC7pJ0v15nWA0sqKSFT1ZBzGOYO3uMUK0b3b6ohfYQVcpxTSHz8hUIoUNFbPHACf_55-kqilNdcI0avbJuO3OJUHkQ4jcQceX09ZEZbCmHhZ0B-BmZrc4Z7ldxhMwy15i76cihXhhlCjeERa2qeq7rjdsM-38rF8TfAsk55jAbgg5xVFc9o4dxGVMxgWVu1fh1x4LisN9fUL_ehdJ6Fp3CLVblIIC4RBbwryXhhRVwlFuQn6dsO7eIgB6MMcPXChqhKzs66DB8GuVQWCcxaZoKMIdfwIb0pbci3sj0QrWWkruMpRBQ1zXooZLk6pYW2dmdJYhx6p6pbGQCO8XxOMevOI7Y4zIJSFU47Bclwr8j1-J1q_UQoTggYan8gwIBVR-NvsYKM2QoTTMXFqWlKdYj3q2asA2HOssgM4q_Bp3bHMkZ0NofXU5rLy7OGzWSQQzyyrw_a-J0SGKY94Hqtgsg=s500-no
302,wild rice noodles,33,dry goods,In stock,https://fusionkitchentales.com/wp-content/uploads/2020/02/Semige1-scaled.jpg
303,asian wheat noodles,56,dry goods,In stock,https://ucarecdn.com/416d161b-29cb-4867-ab6e-f3d175c6b818/-/scale_crop/1280x1280/center/-/quality/normal/-/format/jpeg/homemade-wheat-noodles-without-egg.jpg
304,chow mein noodles,63,dry goods,In stock,https://images.unsplash.com/photo-1601565960311-8a7f4e1ab709?crop=entropy&cs=tinysrgb&fit=max&fm=jpg&ixid=MnwyMjUwODN8MHwxfHNlYXJjaHwyfHxjaG93JTIwbWVpbiUyMG5vb2RsZXN8ZW58MHx8fHwxNjE5MDM1MzMw&ixlib=rb-1.2.1&q=80&w=1000
305,dan mien noodles,47,dry goods,In stock,https://hips.hearstapps.com/hmg-prod/images/190226-dan-dan-noodles-253-1552085451.jpg
306,gan mien noodles,57,dry goods,In stock,https://thewoksoflife.com/wp-content/uploads/2019/02/hot-dry-noodles-6.jpg
307,gook soo noodles,32,dry goods,In stock,https://images.unsplash.com/photo-1504669221159-56caf7b07f57?crop=entropy&cs=tinysrgb&fit=max&fm=jpg&ixid=MnwyMjUwODN8MHwxfHNlYXJjaHw4fHxnb29rJTIwc29vJTIwbm9vZGxlc3xlbnwwfHx8fDE2MTkwMzUzMzI&ixlib=rb-1.2.1&q=80&w=1000
308,hiyamugi noodles,51,dry goods,In stock,https://cdn.tasteatlas.com/images/ingredients/4fedc11e601b4340a7727b466b2b8228.jpg
309,hokkien noodles,26,dry goods,In stock,https://i.pinimg.com/originals/6f/e1/ac/6fe1ac63aec9d510853c8a3c3550d490.jpg
310,hong kong noodles,62,dry goods,In stock,https://images.unsplash.com/photo-1593906115209-6d0011a840e8?crop=entropy&cs=tinysrgb&fit=max&fm=jpg&ixid=MnwyMjUwODN8MHwxfHNlYXJjaHwyfHxob25nJTIwa29uZyUyMG5vb2RsZXN8ZW58MHx8fHwxNjE5MDM1NDE0&ixlib=rb-1.2.1&q=80&w=1000
311,kishimen noodles,44,dry goods,Out of stock,https://www.tsunagujapan.com/wp-content/uploads/2017/04/pixta_8613211_S-2.jpg
312,lo mein noodles,38,dry goods,In stock,https://recipetineats.com/wp-content/uploads/2019/11/Lo-Mein_5.jpg
313,mi chay noodles,52,dry goods,In stock,https://cdn.tgdd.vn/2020/07/CookProduct/1-1200x676-12.jpg
314,miswa noodles,51,dry goods,In stock,https://images.unsplash.com/photo-1504669221159-56caf7b07f57?crop=entropy&cs=tinysrgb&fit=max&fm=jpg&ixid=MnwyMjUwODN8MHwxfHNlYXJjaHw3fHxtaXN3YSUyMG5vb2RsZXN8ZW58MHx8fHwxNjE5MDM1NDE2&ixlib=rb-1.2.1&q=80&w=1000
315,ramen noodles,21,dry goods,In stock,https://images.unsplash.com/photo-1491961865842-98f7befd1a60?crop=entropy&cs=tinysrgb&fit=max&fm=jpg&ixid=MnwyMjUwODN8MHwxfHNlYXJjaHwxMHx8cmFtZW4lMjBub29kbGVzfGVufDB8fHx8MTYxOTAzNTQxNg&ixlib=rb-1.2.1&q=80&w=1000
319,udon noodles,38,dry goods,In stock,https://images.unsplash.com/photo-1558985212-324add95595a?crop=entropy&cs=tinysrgb&fit=max&fm=jpg&ixid=MnwyMjUwODN8MHwxfHNlYXJjaHw0fHx1ZG9uJTIwbm9vZGxlc3xlbnwwfHx8fDE2MTkwMzU0MTk&ixlib=rb-1.2.1&q=80&w=1000
320,wonton noodles,21,dry goods,In stock,https://images.unsplash.com/photo-1585417791023-a5a6164b2646?crop=entropy&cs=tinysrgb&fit=max&fm=jpg&ixid=MnwyMjUwODN8MHwxfHNlYXJjaHwxMHx8d29udG9uJTIwbm9vZGxlc3xlbnwwfHx8fDE2MTkwMzU0MTk&ixlib=rb-1.2.1&q=80&w=1000
322,agnolotti pasta,32,dry goods,In stock,https://images.unsplash.com/photo-1586780845252-36ec7418b45e?crop=entropy&cs=tinysrgb&fit=max&fm=jpg&ixid=MnwyMjUwODN8MHwxfHNlYXJjaHw2fHxhZ25vbG90dGklMjBwYXN0YXxlbnwwfHx8fDE2MTkwMzU0MjE&ixlib=rb-1.2.1&q=80&w=1000
323,bow tie pasta,40,dry goods,In stock,https://images.unsplash.com/photo-1547063334-bf2f542cf52c?crop=entropy&cs=tinysrgb&fit=max&fm=jpg&ixid=MnwyMjUwODN8MHwxfHNlYXJjaHwxfHxib3clMjB0aWUlMjBwYXN0YXxlbnwwfHx8fDE2MTkwMzU0MjE&ixlib=rb-1.2.1&q=80&w=1000
324,cannelloni pasta,71,dry goods,In stock,https://images.unsplash.com/photo-1562281556-0f8c259a9f3a?crop=entropy&cs=tinysrgb&fit=max&fm=jpg&ixid=MnwyMjUwODN8MHwxfHNlYXJjaHwxfHxjYW5uZWxsb25pJTIwcGFzdGF8ZW58MHx8fHwxNjE5MDM1NDIy&ixlib=rb-1.2.1&q=80&w=1000
326,cavatelli pasta,70,dry goods,In stock,https://images.unsplash.com/photo-1612862068929-a9590aa97236?crop=entropy&cs=tinysrgb&fit=max&fm=jpg&ixid=MnwyMjUwODN8MHwxfHNlYXJjaHwxMXx8Y2F2YXRlbGxpJTIwcGFzdGF8ZW58MHx8fHwxNjE5MDM1NDIz&ixlib=rb-1.2.1&q=80&w=1000
327,conchiglie pasta,28,dry goods,In stock,https://images.unsplash.com/photo-1607346823722-4253c1dbc3b9?crop=entropy&cs=tinysrgb&fit=max&fm=jpg&ixid=MnwyMjUwODN8MHwxfHNlYXJjaHw5fHxjb25jaGlnbGllJTIwcGFzdGF8ZW58MHx8fHwxNjE5MDM1NDI0&ixlib=rb-1.2.1&q=80&w=1000
328,couscous,41,dry goods,In stock,https://images.unsplash.com/photo-1519996409144-56c88c9aa612?crop=entropy&cs=tinysrgb&fit=max&fm=jpg&ixid=MnwyMjUwODN8MHwxfHNlYXJjaHwxfHxjb3VzY291c3xlbnwwfHx8fDE2MTkwMzU0MjQ&ixlib=rb-1.2.1&q=80&w=1000
329,egg noodles,47,dry goods,In stock,https://images.unsplash.com/photo-1545729869-e4f40b34394d?crop=entropy&cs=tinysrgb&fit=max&fm=jpg&ixid=MnwyMjUwODN8MHwxfHNlYXJjaHw3fHxlZ2clMjBub29kbGVzfGVufDB8fHx8MTYxOTAzNTQyNQ&ixlib=rb-1.2.1&q=80&w=1000
330,fettuccini pasta,33,dry goods,In stock,https://images.unsplash.com/photo-1603729362753-f8162ac6c3df?crop=entropy&cs=tinysrgb&fit=max&fm=jpg&ixid=MnwyMjUwODN8MHwxfHNlYXJjaHwxMXx8ZmV0dHVjY2luaSUyMHBhc3RhfGVufDB8fHx8MTYxOTAzNTQyNQ&ixlib=rb-1.2.1&q=80&w=1000
331,fusilli pasta,37,dry goods,Out of stock,https://images.unsplash.com/photo-1589532767941-9cd762402f0b?crop=entropy&cs=tinysrgb&fit=max&fm=jpg&ixid=MnwyMjUwODN8MHwxfHNlYXJjaHw0fHxmdXNpbGxpJTIwcGFzdGF8ZW58MHx8fHwxNjE5MDM1NDI2&ixlib=rb-1.2.1&q=80&w=1000
332,gnocchi pasta,63,dry goods,In stock,https://images.unsplash.com/photo-1570054054068-0ad5c3f5136e?crop=entropy&cs=tinysrgb&fit=max&fm=jpg&ixid=MnwyMjUwODN8MHwxfHNlYXJjaHw3fHxnbm9jY2hpJTIwcGFzdGF8ZW58MHx8fHwxNjE5MDM1NDI2&ixlib=rb-1.2.1&q=80&w=1000
333,lasagna pasta,26,dry goods,In stock,https://images.unsplash.com/photo-1614961908593-2c6bf2bdf2ba?crop=entropy&cs=tinysrgb&fit=max&fm=jpg&ixid=MnwyMjUwODN8MHwxfHNlYXJjaHwxfHxsYXNhZ25hJTIwcGFzdGF8ZW58MHx8fHwxNjE5MDM1NDI3&ixlib=rb-1.2.1&q=80&w=1000
335,macaroni pasta,55,dry goods,In stock,https://images.unsplash.com/photo-1603729362753-f8162ac6c3df?crop=entropy&cs=tinysrgb&fit=max&fm=jpg&ixid=MnwyMjUwODN8MHwxfHNlYXJjaHw0fHxtYWNhcm9uaSUyMHBhc3RhfGVufDB8fHx8MTYxOTAzNTQyOA&ixlib=rb-1.2.1&q=80&w=1000
336,manicotti pasta,42,dry goods,In stock,https://images.unsplash.com/photo-1599345621547-37d2e2ff5aea?crop=entropy&cs=tinysrgb&fit=max&fm=jpg&ixid=MnwyMjUwODN8MHwxfHNlYXJjaHw4fHxtYW5pY290dGklMjBwYXN0YXxlbnwwfHx8fDE2MTkwMzU0Mjk&ixlib=rb-1.2.1&q=80&w=1000
337,orzo pasta,63,dry goods,In stock,https://images.unsplash.com/photo-1613634333954-085b019d87b7?crop=entropy&cs=tinysrgb&fit=max&fm=jpg&ixid=MnwyMjUwODN8MHwxfHNlYXJjaHw4fHxvcnpvJTIwcGFzdGF8ZW58MHx8fHwxNjE5MDM1NDMw&ixlib=rb-1.2.1&q=80&w=1000
338,penne pasta,54,dry goods,In stock,https://images.unsplash.com/photo-1612966874574-e0a92ad2bc43?crop=entropy&cs=tinysrgb&fit=max&fm=jpg&ixid=MnwyMjUwODN8MHwxfHNlYXJjaHw5fHxwZW5uZSUyMHBhc3RhfGVufDB8fHx8MTYxOTAzNTQzMA&ixlib=rb-1.2.1&q=80&w=1000
339,radiatore pasta,51,dry goods,In stock,https://images.unsplash.com/photo-1584739200850-dc2072fdfe04?crop=entropy&cs=tinysrgb&fit=max&fm=jpg&ixid=MnwyMjUwODN8MHwxfHNlYXJjaHw0fHxyYWRpYXRvcmUlMjBwYXN0YXxlbnwwfHx8fDE2MTkwMzU0MzE&ixlib=rb-1.2.1&q=80&w=1000
344,spaghetti pasta,66,dry goods,In stock,https://images.unsplash.com/photo-1591154405747-5ee97d563988?crop=entropy&cs=tinysrgb&fit=max&fm=jpg&ixid=MnwyMTg4MDh8MHwxfHNlYXJjaHwxMXx8c3BhZ2hldHRpJTIwcGFzdGF8ZW58MHx8fHwxNjE5MDcyMzAx&ixlib=rb-1.2.1&q=80&w=1000
345,tagliatelle pasta,22,dry goods,In stock,https://images.unsplash.com/photo-1603570416072-84068a0f1358?crop=entropy&cs=tinysrgb&fit=max&fm=jpg&ixid=MnwyMjUwODN8MHwxfHNlYXJjaHw0fHx0YWdsaWF0ZWxsZSUyMHBhc3RhfGVufDB8fHx8MTYxOTAzNTQzNA&ixlib=rb-1.2.1&q=80&w=1000
346,apples produce,25,fruits,In stock,https://images.unsplash.com/photo-1584306670957-acf935f5033c?ixid=MnwxMjA3fDB8MHxwaG90by1wYWdlfHx8fGVufDB8fHx8&ixlib=rb-1.2.1&auto=format&fit=crop&w=3033&q=80
347,assorted apples produce,28,fruits,In stock,https://images.unsplash.com/photo-1589217157232-464b505b197f?ixid=MnwxMjA3fDB8MHxwaG90by1wYWdlfHx8fGVufDB8fHx8&ixlib=rb-1.2.1&auto=format&fit=crop&w=2734&q=80
348,empire apples produce,30,fruits,In stock,https://images.unsplash.com/photo-1551445523-324a0fdab051?ixid=MnwxMjA3fDB8MHxwaG90by1wYWdlfHx8fGVufDB8fHx8&ixlib=rb-1.2.1&auto=format&fit=crop&w=3032&q=80
349,fuji apples produce,30,fruits,In stock,https://images.unsplash.com/photo-1595739820243-918e61e72229?ixid=MnwxMjA3fDB8MHxwaG90by1wYWdlfHx8fGVufDB8fHx8&ixlib=rb-1.2.1&auto=format&fit=crop&w=2767&q=80
350,gala apples produce,54,fruits,In stock,https://images.unsplash.com/photo-1571680321836-cc477bc3f623?ixid=MnwxMjA3fDB8MHxwaG90by1wYWdlfHx8fGVufDB8fHx8&ixlib=rb-1.2.1&auto=format&fit=crop&w=3011&q=80
351,red delicious apples produce,33,fruits,Out of stock,https://images.unsplash.com/photo-1567306226416-28f0efdc88ce?ixid=MnwxMjA3fDB8MHxwaG90by1wYWdlfHx8fGVufDB8fHx8&ixlib=rb-1.2.1&auto=format&fit=crop&w=2850&q=80
352,apricots produce,37,fruits,In stock,https://images.unsplash.com/photo-1593070322798-bc78541bea95?ixid=MnwxMjA3fDB8MHxwaG90by1wYWdlfHx8fGVufDB8fHx8&ixlib=rb-1.2.1&auto=format&fit=crop&w=2734&q=80
353,bananas produce,68,fruits,In stock,https://images.unsplash.com/photo-1526364163643-89e30b8fcb70?ixid=MnwxMjA3fDB8MHxwaG90by1wYWdlfHx8fGVufDB8fHx8&ixlib=rb-1.2.1&auto=format&fit=crop&w=2850&q=80
354,berries produce,41,fruits,In stock,https://images.unsplash.com/photo-1534464457611-b0ba2fe388f6?crop=entropy&cs=tinysrgb&fit=max&fm=jpg&ixid=MnwyMTg4MDh8MHwxfHNlYXJjaHwxMXx8YmVycmllcyUyMHByb2R1Y2V8ZW58MHx8fHwxNjE5MDM1NDU3&ixlib=rb-1.2.1&q=80&w=1000
355,blackberries produce,58,fruits,In stock,https://images.unsplash.com/photo-1535302774078-1ba8c7551cb2?crop=entropy&cs=tinysrgb&fit=max&fm=jpg&ixid=MnwyMTg4MDh8MHwxfHNlYXJjaHw1fHxibGFja2JlcnJpZXMlMjBwcm9kdWNlfGVufDB8fHx8MTYxOTAzNTQ1OA&ixlib=rb-1.2.1&q=80&w=1000
356,blueberries produce,52,fruits,In stock,https://images.unsplash.com/photo-1501879297843-b73e7b09c6eb?crop=entropy&cs=tinysrgb&fit=max&fm=jpg&ixid=MnwyMTg4MDh8MHwxfHNlYXJjaHwyfHxibHVlYmVycmllcyUyMHByb2R1Y2V8ZW58MHx8fHwxNjE5MDM1NDU4&ixlib=rb-1.2.1&q=80&w=1000
357,boysenberries produce,36,fruits,In stock,https://images.unsplash.com/photo-1568666549854-9907ec9dca70?crop=entropy&cs=tinysrgb&fit=max&fm=jpg&ixid=MnwyMTg4MDh8MHwxfHNlYXJjaHw2fHxib3lzZW5iZXJyaWVzJTIwcHJvZHVjZXxlbnwwfHx8fDE2MTkwMzU0NTk&ixlib=rb-1.2.1&q=80&w=1000
358,cherries produce,43,fruits,In stock,https://images.unsplash.com/photo-1531036567142-45359c5a011a?ixid=MnwxMjA3fDB8MHxwaG90by1wYWdlfHx8fGVufDB8fHx8&ixlib=rb-1.2.1&auto=format&fit=crop&w=2850&q=80
359,cranberries produce,41,fruits,In stock,https://images.unsplash.com/photo-1586811124870-46ade1cd8651?ixid=MnwxMjA3fDB8MHxwaG90by1wYWdlfHx8fGVufDB8fHx8&ixlib=rb-1.2.1&auto=format&fit=crop&w=2734&q=80
360,currants produce,41,fruits,In stock,https://images.unsplash.com/photo-1596016083775-71de95c542c8?ixid=MnwxMjA3fDB8MHxwaG90by1wYWdlfHx8fGVufDB8fHx8&ixlib=rb-1.2.1&auto=format&fit=crop&w=2734&q=80
365,raspberries produce,69,fruits,In stock,https://images.unsplash.com/photo-1567775857087-1c4ee22aa6e0?ixid=MnwxMjA3fDB8MHxwaG90by1wYWdlfHx8fGVufDB8fHx8&ixlib=rb-1.2.1&auto=format&fit=crop&w=2939&q=80
366,strawberries produce,65,fruits,In stock,https://images.unsplash.com/photo-1591271300850-22d6784e0a7f?ixid=MnwxMjA3fDB8MHxwaG90by1wYWdlfHx8fGVufDB8fHx8&ixlib=rb-1.2.1&auto=format&fit=crop&w=2767&q=80
368,citrus fruits produce,28,fruits,In stock,https://images.unsplash.com/photo-1517260739337-6799d239ce83?ixlib=rb-1.2.1&ixid=MnwxMjA3fDB8MHxwaG90by1wYWdlfHx8fGVufDB8fHx8&auto=format&fit=crop&w=2850&q=80
369,grapefruit produce,57,fruits,In stock,https://images.unsplash.com/photo-1557656806-534427e2fe2e?ixid=MnwxMjA3fDB8MHxwaG90by1wYWdlfHx8fGVufDB8fHx8&ixlib=rb-1.2.1&auto=format&fit=crop&w=2800&q=80
370,lemons produce,55,fruits,In stock,https://images.unsplash.com/photo-1519625149185-7626ff3a86bf?crop=entropy&cs=tinysrgb&fit=max&fm=jpg&ixid=MnwyMTg4MDh8MHwxfHNlYXJjaHwxfHxsZW1vbnMlMjBwcm9kdWNlfGVufDB8fHx8MTYxOTAzNTQ2Nw&ixlib=rb-1.2.1&q=80&w=1000
371,limes produce,69,fruits,Out of stock,https://images.unsplash.com/photo-1526214891844-fe4d300caee4?crop=entropy&cs=tinysrgb&fit=max&fm=jpg&ixid=MnwyMTg4MDh8MHwxfHNlYXJjaHw4fHxsaW1lcyUyMHByb2R1Y2V8ZW58MHx8fHwxNjE5MDM1NDY3&ixlib=rb-1.2.1&q=80&w=1000
372,oranges produce,26,fruits,In stock,https://images.unsplash.com/photo-1547514701-42782101795e?ixlib=rb-1.2.1&ixid=MnwxMjA3fDB8MHxwaG90by1wYWdlfHx8fGVufDB8fHx8&auto=format&fit=crop&w=2734&q=80
373,tangerines produce,40,fruits,In stock,https://images.unsplash.com/photo-1603455907355-097260ccc037?crop=entropy&cs=tinysrgb&fit=max&fm=jpg&ixid=MnwyMTg4MDh8MHwxfHNlYXJjaHw3fHx0YW5nZXJpbmVzJTIwcHJvZHVjZXxlbnwwfHx8fDE2MTkwMzU0Njk&ixlib=rb-1.2.1&q=80&w=1000
374,coconut produce,22,fruits,In stock,https://images.unsplash.com/photo-1560769680-ba2f3767c785?ixid=MnwxMjA3fDB8MHxwaG90by1wYWdlfHx8fGVufDB8fHx8&ixlib=rb-1.2.1&auto=format&fit=crop&w=2675&q=80
375,dates produce,46,fruits,In stock,https://images.unsplash.com/photo-1598228961764-fdc1484f2af1?ixid=MnwxMjA3fDB8MHxwaG90by1wYWdlfHx8fGVufDB8fHx8&ixlib=rb-1.2.1&auto=format&fit=crop&w=2851&q=80
376,durians produce,24,fruits,In stock,https://images.unsplash.com/photo-1588482415422-a061902e00a4?crop=entropy&cs=tinysrgb&fit=max&fm=jpg&ixid=MnwyMTg4MDh8MHwxfHNlYXJjaHwzfHxkdXJpYW5zJTIwcHJvZHVjZXxlbnwwfHx8fDE2MTkwMzU0NzE&ixlib=rb-1.2.1&q=80&w=1000
377,figs produce,44,fruits,In stock,https://images.unsplash.com/photo-1539796857944-9f13ceb4d206?crop=entropy&cs=tinysrgb&fit=max&fm=jpg&ixid=MnwyMTg4MDh8MHwxfHNlYXJjaHw2fHxmaWdzJTIwcHJvZHVjZXxlbnwwfHx8fDE2MTkwMzU0NzE&ixlib=rb-1.2.1&q=80&w=1000
378,fruit sauces,70,fruits,In stock,https://images.unsplash.com/photo-1515347419056-fc01db3c9f54?crop=entropy&cs=tinysrgb&fit=max&fm=jpg&ixid=MnwyMTg4MDh8MHwxfHNlYXJjaHw5fHxmcnVpdCUyMHNhdWNlc3xlbnwwfHx8fDE2MTkwMzU0NzI&ixlib=rb-1.2.1&q=80&w=1000
379,applesauce,29,fruits,In stock,https://images.unsplash.com/photo-1600984177310-c86c8f8fa9c7?crop=entropy&cs=tinysrgb&fit=max&fm=jpg&ixid=MnwyMTg4MDh8MHwxfHNlYXJjaHwzfHxhcHBsZXNhdWNlfGVufDB8fHx8MTYxOTAzNTQ3Mg&ixlib=rb-1.2.1&q=80&w=1000
380,cranberry sauce,28,fruits,In stock,https://images.unsplash.com/photo-1514481372798-c8b2f7e6f708?crop=entropy&cs=tinysrgb&fit=max&fm=jpg&ixid=MnwyMTg4MDh8MHwxfHNlYXJjaHwyfHxjcmFuYmVycnklMjBzYXVjZXxlbnwwfHx8fDE2MTkwMzU0NzM&ixlib=rb-1.2.1&q=80&w=1000
381,mixed fruit sauce,41,fruits,Out of stock,https://images.unsplash.com/photo-1597045315639-9df6c171fb69?crop=entropy&cs=tinysrgb&fit=max&fm=jpg&ixid=MnwyMTg4MDh8MHwxfHNlYXJjaHw4fHxtaXhlZCUyMGZydWl0JTIwc2F1Y2V8ZW58MHx8fHwxNjE5MDM1NDc0&ixlib=rb-1.2.1&q=80&w=1000
382,peach sauce,27,fruits,In stock,https://images.unsplash.com/photo-1518518886629-0b9000299b8b?crop=entropy&cs=tinysrgb&fit=max&fm=jpg&ixid=MnwyMTg4MDh8MHwxfHNlYXJjaHwxMXx8cGVhY2glMjBzYXVjZXxlbnwwfHx8fDE2MTkwMzU0NzQ&ixlib=rb-1.2.1&q=80&w=1000
383,pear sauce,59,fruits,In stock,https://images.unsplash.com/photo-1583499230190-abf79d56936c?crop=entropy&cs=tinysrgb&fit=max&fm=jpg&ixid=MnwyMTg4MDh8MHwxfHNlYXJjaHw5fHxwZWFyJTIwc2F1Y2V8ZW58MHx8fHwxNjE5MDM1NDc1&ixlib=rb-1.2.1&q=80&w=1000
384,grapes produce,57,fruits,In stock,https://images.unsplash.com/photo-1537640538966-79f369143f8f?crop=entropy&cs=tinysrgb&fit=max&fm=jpg&ixid=MnwyMTg4MDh8MHwxfHNlYXJjaHwyfHxncmFwZXMlMjBwcm9kdWNlfGVufDB8fHx8MTYxOTAzNTQ3Ng&ixlib=rb-1.2.1&q=80&w=1000
385,jackfruit produce,70,fruits,In stock,https://images.unsplash.com/photo-1569294860071-b2ac12ee73b7?crop=entropy&cs=tinysrgb&fit=max&fm=jpg&ixid=MnwyMTg4MDh8MHwxfHNlYXJjaHwzfHxqYWNrZnJ1aXQlMjBwcm9kdWNlfGVufDB8fHx8MTYxOTAzNTQ3Ng&ixlib=rb-1.2.1&q=80&w=1000
386,kiwis produce,44,fruits,In stock,https://images.unsplash.com/photo-1609869825728-f9c0b69ed13d?ixid=MnwxMjA3fDB8MHxwaG90by1wYWdlfHx8fGVufDB8fHx8&ixlib=rb-1.2.1&auto=format&fit=crop&w=2775&q=80
387,lychees produce,24,fruits,In stock,https://images.unsplash.com/photo-1421484147738-5e2539487ab0?ixid=MnwxMjA3fDB8MHxwaG90by1wYWdlfHx8fGVufDB8fHx8&ixlib=rb-1.2.1&auto=format&fit=crop&w=1500&q=80
388,mangoes produce,56,fruits,In stock,https://images.unsplash.com/photo-1606448423038-3de11e152e0e?crop=entropy&cs=tinysrgb&fit=max&fm=jpg&ixid=MnwyMTg4MDh8MHwxfHNlYXJjaHw2fHxtYW5nb2VzJTIwcHJvZHVjZXxlbnwwfHx8fDE2MTkwMzU0Nzg&ixlib=rb-1.2.1&q=80&w=1000
390,melons produce,34,fruits,In stock,https://images.unsplash.com/photo-1563288525-8f1ee0f874a8?ixid=MnwxMjA3fDB8MHxwaG90by1wYWdlfHx8fGVufDB8fHx8&ixlib=rb-1.2.1&auto=format&fit=crop&w=2850&q=80
391,nectarines produce,56,fruits,Out of stock,https://images.unsplash.com/photo-1504577089374-ed8ee92673bb?crop=entropy&cs=tinysrgb&fit=max&fm=jpg&ixid=MnwyMTg4MDh8MHwxfHNlYXJjaHw4fHxuZWN0YXJpbmVzJTIwcHJvZHVjZXxlbnwwfHx8fDE2MTkwMzU0ODA&ixlib=rb-1.2.1&q=80&w=1000
392,papayas produce,25,fruits,In stock,https://images.unsplash.com/photo-1526318472351-c75fcf070305?crop=entropy&cs=tinysrgb&fit=max&fm=jpg&ixid=MnwyMTg4MDh8MHwxfHNlYXJjaHwxfHxwYXBheWFzJTIwcHJvZHVjZXxlbnwwfHx8fDE2MTkwMzU0ODA&ixlib=rb-1.2.1&q=80&w=1000
393,passion fruit produce,37,fruits,In stock,https://images.unsplash.com/photo-1502009285422-74e42ac2fd68?ixlib=rb-1.2.1&ixid=MnwxMjA3fDB8MHxwaG90by1wYWdlfHx8fGVufDB8fHx8&auto=format&fit=crop&w=2850&q=80
394,peaches produce,43,fruits,In stock,https://images.unsplash.com/photo-1594981019033-4a9146c7e660?ixid=MnwxMjA3fDB8MHxwaG90by1wYWdlfHx8fGVufDB8fHx8&ixlib=rb-1.2.1&auto=format&fit=crop&w=2815&q=80
395,pears produce,38,fruits,In stock,https://images.unsplash.com/photo-1536079507189-a4d3432e732f?crop=entropy&cs=tinysrgb&fit=max&fm=jpg&ixid=MnwyMTg4MDh8MHwxfHNlYXJjaHwxMHx8cGVhcnMlMjBwcm9kdWNlfGVufDB8fHx8MTYxOTAzNTQ4Mg&ixlib=rb-1.2.1&q=80&w=1000
396,anjou pears produce,56,fruits,In stock,https://images.unsplash.com/photo-1581035609165-2f9a18ac34ed?crop=entropy&cs=tinysrgb&fit=max&fm=jpg&ixid=MnwyMTg4MDh8MHwxfHNlYXJjaHwxMHx8YW5qb3UlMjBwZWFycyUyMHByb2R1Y2V8ZW58MHx8fHwxNjE5MDM1NDgz&ixlib=rb-1.2.1&q=80&w=1000
397,asian pears produce,54,fruits,In stock,https://images.unsplash.com/photo-1583247949334-e07ab70681c5?crop=entropy&cs=tinysrgb&fit=max&fm=jpg&ixid=MnwyMTg4MDh8MHwxfHNlYXJjaHw3fHxhc2lhbiUyMHBlYXJzJTIwcHJvZHVjZXxlbnwwfHx8fDE2MTkwMzU0ODQ&ixlib=rb-1.2.1&q=80&w=1000
398,assorted pears produce,27,fruits,In stock,https://images.unsplash.com/photo-1610775516241-34774c275d54?crop=entropy&cs=tinysrgb&fit=max&fm=jpg&ixid=MnwyMDAwMzl8MHwxfHNlYXJjaHwxMXx8YXNzb3J0ZWQlMjBwZWFycyUyMHByb2R1Y2V8ZW58MHx8fHwxNjE5MDM1NTI0&ixlib=rb-1.2.1&q=80&w=1000
399,bartlett pears produce,49,fruits,In stock,https://images.unsplash.com/photo-1591287083773-9a52ba8184a4?crop=entropy&cs=tinysrgb&fit=max&fm=jpg&ixid=MnwyMDAwMzl8MHwxfHNlYXJjaHwzfHxiYXJ0bGV0dCUyMHBlYXJzJTIwcHJvZHVjZXxlbnwwfHx8fDE2MTkwMzU1MjU&ixlib=rb-1.2.1&q=80&w=1000
400,bosc pears produce,37,fruits,In stock,https://images.unsplash.com/photo-1591287083773-9a52ba8184a4?crop=entropy&cs=tinysrgb&fit=max&fm=jpg&ixid=MnwyMDAwMzl8MHwxfHNlYXJjaHwzfHxib3NjJTIwcGVhcnMlMjBwcm9kdWNlfGVufDB8fHx8MTYxOTAzNTUyNQ&ixlib=rb-1.2.1&q=80&w=1000
401,pineapples produce,26,fruits,Out of stock,https://images.unsplash.com/photo-1455240919365-564fd7e82731?crop=entropy&cs=tinysrgb&fit=max&fm=jpg&ixid=MnwyMDAwMzl8MHwxfHNlYXJjaHw5fHxwaW5lYXBwbGVzJTIwcHJvZHVjZXxlbnwwfHx8fDE2MTkwMzU1MjY&ixlib=rb-1.2.1&q=80&w=1000
402,plums produce,70,fruits,In stock,https://images.unsplash.com/photo-1540903109840-8dba30468fb3?ixid=MnwxMjA3fDB8MHxwaG90by1wYWdlfHx8fGVufDB8fHx8&ixlib=rb-1.2.1&auto=format&fit=crop&w=2800&q=80
403,prunes produce,22,fruits,In stock,https://images.unsplash.com/photo-1587802652312-fe9bd002d4f2?ixid=MnwxMjA3fDB8MHxwaG90by1wYWdlfHx8fGVufDB8fHx8&ixlib=rb-1.2.1&auto=format&fit=crop&w=2850&q=80
404,raisins produce,38,fruits,In stock,https://images.unsplash.com/photo-1598371624529-2d1d43686b5f?crop=entropy&cs=tinysrgb&fit=max&fm=jpg&ixid=MnwyMDAwMzl8MHwxfHNlYXJjaHw0fHxyYWlzaW5zJTIwcHJvZHVjZXxlbnwwfHx8fDE2MTkwMzU1Mjg&ixlib=rb-1.2.1&q=80&w=1000
405,star fruit produce,20,fruits,In stock,https://images.unsplash.com/photo-1605879883262-0cd26b362f54?ixid=MnwxMjA3fDB8MHxwaG90by1wYWdlfHx8fGVufDB8fHx8&ixlib=rb-1.2.1&auto=format&fit=crop&w=2824&q=80
406,artichokes produce,59,vegetables,In stock,https://images.unsplash.com/photo-1606153365216-0fc92939c361?crop=entropy&cs=tinysrgb&fit=max&fm=jpg&ixid=MnwyMDAwMzl8MHwxfHNlYXJjaHw5fHxhcnRpY2hva2VzJTIwcHJvZHVjZXxlbnwwfHx8fDE2MTkwMzU1Mjk&ixlib=rb-1.2.1&q=80&w=1000
407,arugula produce,62,vegetables,In stock,https://images.unsplash.com/photo-1580147560429-d12fa086110c?crop=entropy&cs=tinysrgb&fit=max&fm=jpg&ixid=MnwyMDAwMzl8MHwxfHNlYXJjaHw0fHxhcnVndWxhJTIwcHJvZHVjZXxlbnwwfHx8fDE2MTkwMzU1MzA&ixlib=rb-1.2.1&q=80&w=1000
408,asparagus produce,20,vegetables,In stock,https://images.unsplash.com/photo-1511994714008-b6d68a8b32a2?crop=entropy&cs=tinysrgb&fit=max&fm=jpg&ixid=MnwyMDAwMzl8MHwxfHNlYXJjaHw3fHxhc3BhcmFndXMlMjBwcm9kdWNlfGVufDB8fHx8MTYxOTAzNTUzMA&ixlib=rb-1.2.1&q=80&w=1000
409,assorted vegetables produce,25,vegetables,In stock,https://images.unsplash.com/photo-1577234192428-7d62bcc3dc7e?crop=entropy&cs=tinysrgb&fit=max&fm=jpg&ixid=MnwyMDAwMzl8MHwxfHNlYXJjaHw5fHxhc3NvcnRlZCUyMHZlZ2V0YWJsZXMlMjBwcm9kdWNlfGVufDB8fHx8MTYxOTAzNTUzMQ&ixlib=rb-1.2.1&q=80&w=1000
410,avocados produce,46,vegetables,In stock,https://images.unsplash.com/photo-1512070904629-fa988dab2fe1?crop=entropy&cs=tinysrgb&fit=max&fm=jpg&ixid=MnwyMDAwMzl8MHwxfHNlYXJjaHw2fHxhdm9jYWRvcyUyMHByb2R1Y2V8ZW58MHx8fHwxNjE5MDM1NTMy&ixlib=rb-1.2.1&q=80&w=1000
411,beets produce,27,vegetables,Out of stock,https://images.unsplash.com/photo-1507484467459-0c01be16726e?crop=entropy&cs=tinysrgb&fit=max&fm=jpg&ixid=MnwyMDAwMzl8MHwxfHNlYXJjaHwxMHx8YmVldHMlMjBwcm9kdWNlfGVufDB8fHx8MTYxOTAzNTUzMg&ixlib=rb-1.2.1&q=80&w=1000
412,broccoli produce,70,vegetables,In stock,https://images.unsplash.com/photo-1531351848405-f427f63946c2?crop=entropy&cs=tinysrgb&fit=max&fm=jpg&ixid=MnwyMDAwMzl8MHwxfHNlYXJjaHw2fHxicm9jY29saSUyMHByb2R1Y2V8ZW58MHx8fHwxNjE5MDM1NTMz&ixlib=rb-1.2.1&q=80&w=1000
413,broccoli raab produce,22,vegetables,In stock,https://images.unsplash.com/photo-1584270354949-c26b0d5b4a0c?ixid=MnwxMjA3fDB8MHxwaG90by1wYWdlfHx8fGVufDB8fHx8&ixlib=rb-1.2.1&auto=format&fit=crop&w=2850&q=80
414,brussels sprouts produce,32,vegetables,In stock,https://images.unsplash.com/photo-1455815733317-8d68d858d95d?crop=entropy&cs=tinysrgb&fit=max&fm=jpg&ixid=MnwyMDAwMzl8MHwxfHNlYXJjaHw1fHxicnVzc2VscyUyMHNwcm91dHMlMjBwcm9kdWNlfGVufDB8fHx8MTYxOTAzNTUzNA&ixlib=rb-1.2.1&q=80&w=1000
415,cabbage produce,35,vegetables,In stock,https://images.unsplash.com/photo-1489450278009-822e9be04dff?crop=entropy&cs=tinysrgb&fit=max&fm=jpg&ixid=MnwyMDAwMzl8MHwxfHNlYXJjaHwxMXx8Y2FiYmFnZSUyMHByb2R1Y2V8ZW58MHx8fHwxNjE5MDM1NTM1&ixlib=rb-1.2.1&q=80&w=1000
416,carrots produce,70,vegetables,In stock,https://images.unsplash.com/photo-1518133299975-8e1b628e1cfd?crop=entropy&cs=tinysrgb&fit=max&fm=jpg&ixid=MnwyMDAwMzl8MHwxfHNlYXJjaHw5fHxjYXJyb3RzJTIwcHJvZHVjZXxlbnwwfHx8fDE2MTkwMzU1MzY&ixlib=rb-1.2.1&q=80&w=1000
417,cauliflower produce,57,vegetables,In stock,https://images.unsplash.com/photo-1510627498534-cf7e9002facc?crop=entropy&cs=tinysrgb&fit=max&fm=jpg&ixid=MnwyMDAwMzl8MHwxfHNlYXJjaHwxMHx8Y2F1bGlmbG93ZXIlMjBwcm9kdWNlfGVufDB8fHx8MTYxOTAzNTUzNw&ixlib=rb-1.2.1&q=80&w=1000
418,celeriac produce,46,vegetables,In stock,https://images.unsplash.com/photo-1577234211973-f13523735bbb?crop=entropy&cs=tinysrgb&fit=max&fm=jpg&ixid=MnwyMDAwMzl8MHwxfHNlYXJjaHwxfHxjZWxlcmlhYyUyMHByb2R1Y2V8ZW58MHx8fHwxNjE5MDM1NTM4&ixlib=rb-1.2.1&q=80&w=1000
419,celery produce,30,vegetables,In stock,https://images.unsplash.com/photo-1610348725531-843dff563e2c?crop=entropy&cs=tinysrgb&fit=max&fm=jpg&ixid=MnwyMDAwMzl8MHwxfHNlYXJjaHw3fHxjZWxlcnklMjBwcm9kdWNlfGVufDB8fHx8MTYxOTAzNTUzOQ&ixlib=rb-1.2.1&q=80&w=1000
420,chard produce,27,vegetables,In stock,https://images.unsplash.com/photo-1507484467459-0c01be16726e?crop=entropy&cs=tinysrgb&fit=max&fm=jpg&ixid=MnwyMDAwMzl8MHwxfHNlYXJjaHw5fHxjaGFyZCUyMHByb2R1Y2V8ZW58MHx8fHwxNjE5MDM1NTM5&ixlib=rb-1.2.1&q=80&w=1000
421,chicory produce,48,vegetables,Out of stock,https://images.unsplash.com/photo-1591287083773-9a52ba8184a4?crop=entropy&cs=tinysrgb&fit=max&fm=jpg&ixid=MnwyMDAwMzl8MHwxfHNlYXJjaHwzfHxjaGljb3J5JTIwcHJvZHVjZXxlbnwwfHx8fDE2MTkwMzU1NDA&ixlib=rb-1.2.1&q=80&w=1000
422,collards produce,30,vegetables,In stock,https://images.unsplash.com/photo-1602029338713-ca9b118dd61c?crop=entropy&cs=tinysrgb&fit=max&fm=jpg&ixid=MnwyMDAwMzl8MHwxfHNlYXJjaHw5fHxjb2xsYXJkcyUyMHByb2R1Y2V8ZW58MHx8fHwxNjE5MDM1NTQw&ixlib=rb-1.2.1&q=80&w=1000
423,corn produce,63,vegetables,In stock,https://images.unsplash.com/photo-1540040920895-4ed39be080b7?ixid=MnwxMjA3fDB8MHxwaG90by1wYWdlfHx8fGVufDB8fHx8&ixlib=rb-1.2.1&auto=format&fit=crop&w=2850&q=80
424,cress produce,35,vegetables,In stock,https://images.unsplash.com/photo-1507727910967-9be3fdf9a009?crop=entropy&cs=tinysrgb&fit=max&fm=jpg&ixid=MnwyMDAwMzl8MHwxfHNlYXJjaHw0fHxjcmVzcyUyMHByb2R1Y2V8ZW58MHx8fHwxNjE5MDM1NTQy&ixlib=rb-1.2.1&q=80&w=1000
425,cucumbers produce,30,vegetables,In stock,https://images.unsplash.com/photo-1567427013572-f3d0764bf7ca?ixid=MnwxMjA3fDB8MHxwaG90by1wYWdlfHx8fGVufDB8fHx8&ixlib=rb-1.2.1&auto=format&fit=crop&w=2850&q=80
426,eggplant produce,67,vegetables,In stock,https://images.unsplash.com/photo-1528825950832-560a4a11473a?crop=entropy&cs=tinysrgb&fit=max&fm=jpg&ixid=MnwyMDAwMzl8MHwxfHNlYXJjaHwxfHxlZ2dwbGFudCUyMHByb2R1Y2V8ZW58MHx8fHwxNjE5MDM1NTQz&ixlib=rb-1.2.1&q=80&w=1000
427,endive produce,26,vegetables,In stock,https://images.unsplash.com/photo-1568625734595-172bb4298d44?crop=entropy&cs=tinysrgb&fit=max&fm=jpg&ixid=MnwyMDAwMzl8MHwxfHNlYXJjaHw4fHxlbmRpdmUlMjBwcm9kdWNlfGVufDB8fHx8MTYxOTAzNTU0NA&ixlib=rb-1.2.1&q=80&w=1000
428,fennel produce,47,vegetables,In stock,https://images.unsplash.com/photo-1573143032716-1a0f125f482d?crop=entropy&cs=tinysrgb&fit=max&fm=jpg&ixid=MnwyMDAwMzl8MHwxfHNlYXJjaHw2fHxmZW5uZWwlMjBwcm9kdWNlfGVufDB8fHx8MTYxOTAzNTU0NA&ixlib=rb-1.2.1&q=80&w=1000
429,garlic produce,44,vegetables,In stock,https://images.unsplash.com/photo-1501420193726-1f65acd36cda?ixlib=rb-1.2.1&ixid=MnwxMjA3fDB8MHxwaG90by1wYWdlfHx8fGVufDB8fHx8&auto=format&fit=crop&w=2734&q=80
430,gourds produce,71,vegetables,In stock,https://images.unsplash.com/photo-1568625734595-172bb4298d44?ixid=MnwxMjA3fDB8MHxwaG90by1wYWdlfHx8fGVufDB8fHx8&ixlib=rb-1.2.1&auto=format&fit=crop&w=2852&q=80
431,green beans produce,54,vegetables,Out of stock,https://images.unsplash.com/photo-1580169188497-884789fee603?crop=entropy&cs=tinysrgb&fit=max&fm=jpg&ixid=MnwyMDAwMzl8MHwxfHNlYXJjaHw0fHxncmVlbiUyMGJlYW5zJTIwcHJvZHVjZXxlbnwwfHx8fDE2MTkwMzU1NDY&ixlib=rb-1.2.1&q=80&w=1000
432,greens produce,38,vegetables,In stock,https://images.unsplash.com/photo-1589572149026-de6c28f385ec?crop=entropy&cs=tinysrgb&fit=max&fm=jpg&ixid=MnwyMDAwMzl8MHwxfHNlYXJjaHw5fHxncmVlbnMlMjBwcm9kdWNlfGVufDB8fHx8MTYxOTAzNTU0Nw&ixlib=rb-1.2.1&q=80&w=1000
433,heirloom vegetables produce,55,vegetables,In stock,https://images.unsplash.com/photo-1604948046436-0cda67c9f368?crop=entropy&cs=tinysrgb&fit=max&fm=jpg&ixid=MnwyMDAwMzl8MHwxfHNlYXJjaHw3fHxoZWlybG9vbSUyMHZlZ2V0YWJsZXMlMjBwcm9kdWNlfGVufDB8fHx8MTYxOTAzNTU0Nw&ixlib=rb-1.2.1&q=80&w=1000
434,kale produce,36,vegetables,In stock,https://images.unsplash.com/photo-1539207107274-c576d0d5b375?crop=entropy&cs=tinysrgb&fit=max&fm=jpg&ixid=MnwyMDAwMzl8MHwxfHNlYXJjaHw4fHxrYWxlJTIwcHJvZHVjZXxlbnwwfHx8fDE2MTkwMzU1NDg&ixlib=rb-1.2.1&q=80&w=1000
435,kohlrabi produce,65,vegetables,In stock,https://images.unsplash.com/photo-1591287083773-9a52ba8184a4?crop=entropy&cs=tinysrgb&fit=max&fm=jpg&ixid=MnwyMDAwMzl8MHwxfHNlYXJjaHw2fHxrb2hscmFiaSUyMHByb2R1Y2V8ZW58MHx8fHwxNjE5MDM1NTQ5&ixlib=rb-1.2.1&q=80&w=1000
436,leeks produce,50,vegetables,In stock,https://images.unsplash.com/photo-1550937238-e1862e3cdd77?crop=entropy&cs=tinysrgb&fit=max&fm=jpg&ixid=MnwyMDAwMzl8MHwxfHNlYXJjaHw3fHxsZWVrcyUyMHByb2R1Y2V8ZW58MHx8fHwxNjE5MDM1NTUw&ixlib=rb-1.2.1&q=80&w=1000
437,lettuce produce,40,vegetables,In stock,https://images.unsplash.com/photo-1589469224608-c84d02c71b94?ixid=MnwxMjA3fDB8MHxwaG90by1wYWdlfHx8fGVufDB8fHx8&ixlib=rb-1.2.1&auto=format&fit=crop&w=2850&q=80
440,okra produce,61,vegetables,In stock,https://images.unsplash.com/photo-1603246994349-c8083863e469?crop=entropy&cs=tinysrgb&fit=max&fm=jpg&ixid=MnwyMDAwMzl8MHwxfHNlYXJjaHw5fHxva3JhJTIwcHJvZHVjZXxlbnwwfHx8fDE2MTkwMzU1NTI&ixlib=rb-1.2.1&q=80&w=1000
441,olives produce,40,vegetables,Out of stock,https://images.unsplash.com/photo-1572203297789-7d5f432cb47c?ixid=MnwxMjA3fDB8MHxwaG90by1wYWdlfHx8fGVufDB8fHx8&ixlib=rb-1.2.1&auto=format&fit=crop&w=2850&q=80
442,onions produce,22,vegetables,In stock,https://images.unsplash.com/photo-1588626174995-11643e2918ea?ixid=MnwxMjA3fDB8MHxwaG90by1wYWdlfHx8fGVufDB8fHx8&ixlib=rb-1.2.1&auto=format&fit=crop&w=2891&q=80
444,parsnips produce,20,vegetables,In stock,https://images.unsplash.com/photo-1515192665289-06a8c3c54343?ixid=MnwxMjA3fDB8MHxwaG90by1wYWdlfHx8fGVufDB8fHx8&ixlib=rb-1.2.1&auto=format&fit=crop&w=2784&q=80
445,potatoes produce,70,vegetables,In stock,https://images.unsplash.com/photo-1552661397-4233881ea8c8?ixid=MnwxMjA3fDB8MHxwaG90by1wYWdlfHx8fGVufDB8fHx8&ixlib=rb-1.2.1&auto=format&fit=crop&w=3015&q=80
446,pumpkins produce,38,vegetables,In stock,https://images.unsplash.com/photo-1569259227159-c9ed93c359d2?crop=entropy&cs=tinysrgb&fit=max&fm=jpg&ixid=MnwyMDAwMzl8MHwxfHNlYXJjaHwxfHxwdW1wa2lucyUyMHByb2R1Y2V8ZW58MHx8fHwxNjE5MDM1NTU2&ixlib=rb-1.2.1&q=80&w=1000
447,radicchio produce,66,vegetables,In stock,https://images.unsplash.com/photo-1615368688859-6aaf9e7169f7?ixid=MnwxMjA3fDB8MHxwaG90by1wYWdlfHx8fGVufDB8fHx8&ixlib=rb-1.2.1&auto=format&fit=crop&w=2850&q=80
448,radishes produce,58,vegetables,In stock,https://images.unsplash.com/photo-1601091854964-0d6ed1d35c93?crop=entropy&cs=tinysrgb&fit=max&fm=jpg&ixid=MnwyMjUwODN8MHwxfHNlYXJjaHwxMHx8cmFkaXNoZXMlMjBwcm9kdWNlfGVufDB8fHx8MTYxOTA3MjI0MA&ixlib=rb-1.2.1&q=80&w=1000
449,bears head mushrooms,40,vegetables,In stock,http://specialtyproduce.com/sppics/11322-a.png
451,blewitt mushrooms,45,vegetables,Out of stock,https://images.unsplash.com/photo-1597585588073-091447702d37?crop=entropy&cs=tinysrgb&fit=max&fm=jpg&ixid=MnwyMjUwODN8MHwxfHNlYXJjaHwyfHxibGV3aXR0JTIwbXVzaHJvb21zfGVufDB8fHx8MTYxOTA3MjI0Mg&ixlib=rb-1.2.1&q=80&w=1000
456,clamshell mushrooms,40,vegetables,In stock,https://images.unsplash.com/photo-1522923047551-e29f7d3f4ad2?crop=entropy&cs=tinysrgb&fit=max&fm=jpg&ixid=MnwyMjUwODN8MHwxfHNlYXJjaHw3fHxjbGFtc2hlbGwlMjBtdXNocm9vbXN8ZW58MHx8fHwxNjE5MDcyMjQ2&ixlib=rb-1.2.1&q=80&w=1000
459,enoki mushrooms,27,vegetables,In stock,https://www.acouplecooks.com/wp-content/uploads/2021/02/Enoki-Mushrooms-001.jpg
461,gamboni mushrooms,33,vegetables,Out of stock,http://cdn3.volusion.com/ezcqg.wmzwc/v/vspfiles/photos/2006-2.jpg
462,hedgehog mushrooms,70,vegetables,In stock,https://www.realfoods.co.uk/ProductImagesID/2835_1.jpg
464,lobster mushrooms,69,vegetables,In stock,https://i1.wp.com/center-of-the-plate.com/wp-content/uploads/2016/08/mushrooms_fresh-lobster_mflob004_va0.jpg?fit=3888%2C2592&ssl=1
465,maitake mushrooms,54,vegetables,In stock,https://nwwildfoods.com/wp-content/uploads/2018/06/maitake-cropped-square.jpg
466,matsutake mushrooms,64,vegetables,In stock,https://i.guim.co.uk/img/media/55d1da17e2c1b5b1df8d913217418c5877f58c8f/0_187_5616_3370/master/5616.jpg?width=1200&height=900&quality=85&auto=format&fit=crop&s=d66d7d3885b66cd3b8b35bfd5679219b
470,porcini mushrooms,36,vegetables,In stock,https://images.unsplash.com/photo-1600787175490-775d6de57a66?crop=entropy&cs=tinysrgb&fit=max&fm=jpg&ixid=MnwyMjUwODN8MHwxfHNlYXJjaHw2fHxwb3JjaW5pJTIwbXVzaHJvb21zfGVufDB8fHx8MTYxOTA3MjI1NQ&ixlib=rb-1.2.1&q=80&w=1000
471,portabello mushrooms,31,vegetables,Out of stock,https://www.welcometothetable.coop/sites/default/files/styles/article_node/public/Portobello_Mushrooms.jpg?itok=Kait_l3C
473,red oyster mushrooms,33,vegetables,In stock,https://verticalveg.org.uk/wp-content/uploads/2015/12/IMG_1008-1.jpg
474,shiitake mushrooms,39,vegetables,In stock,https://www.thekitchenmagpie.com/wp-content/uploads/images/2019/11/howtocookshiitakemushrooms-500x500.jpg
475,shimeji mushrooms,32,vegetables,In stock,http://miraclemushrooms.co.za/wp-content/uploads/2016/09/img_0592.jpg
477,straw mushrooms,43,vegetables,In stock,https://live.staticflickr.com/3159/2796049191_b1f83c1b72_b.jpg
478,truffles mushrooms,25,vegetables,In stock,https://i0.wp.com/images-prod.healthline.com/hlcmsresource/images/AN_images/truffles-1296x728-feature.jpg?w=1155&h=1528
479,beef ribs,37,meat,In stock,https://images.unsplash.com/photo-1570466199040-4fe6e9da19dd?crop=entropy&cs=tinysrgb&fit=max&fm=jpg&ixid=MnwyMjUwODN8MHwxfHNlYXJjaHw0fHxiZWVmJTIwcmlic3xlbnwwfHx8fDE2MTkwNzIyNjE&ixlib=rb-1.2.1&q=80&w=1000
480,beef roasts,25,meat,In stock,https://images.unsplash.com/photo-1603360946369-dc9bb6258143?crop=entropy&cs=tinysrgb&fit=max&fm=jpg&ixid=MnwyMjUwODN8MHwxfHNlYXJjaHw3fHxiZWVmJTIwcm9hc3RzfGVufDB8fHx8MTYxOTA3MjI2Mg&ixlib=rb-1.2.1&q=80&w=1000
481,london broil,68,meat,Out of stock,https://therecipecritic.com/wp-content/uploads/2020/02/londonbroil_3.jpg
482,roast beef,48,meat,In stock,https://images.unsplash.com/photo-1616589717939-cda1709a292e?crop=entropy&cs=tinysrgb&fit=max&fm=jpg&ixid=MnwyMjUwODN8MHwxfHNlYXJjaHw5fHxyb2FzdCUyMGJlZWZ8ZW58MHx8fHwxNjE5MDcyMjYz&ixlib=rb-1.2.1&q=80&w=1000
483,beef steaks,25,meat,In stock,https://images.unsplash.com/photo-1485704686097-ed47f7263ca4?crop=entropy&cs=tinysrgb&fit=max&fm=jpg&ixid=MnwyMjUwODN8MHwxfHNlYXJjaHw0fHxiZWVmJTIwc3RlYWtzfGVufDB8fHx8MTYxOTA3MjI2NA&ixlib=rb-1.2.1&q=80&w=1000
484,filet mignon,61,meat,In stock,https://images.unsplash.com/photo-1559847844-d9d2bc807d82?crop=entropy&cs=tinysrgb&fit=max&fm=jpg&ixid=MnwyMjUwODN8MHwxfHNlYXJjaHw4fHxmaWxldCUyMG1pZ25vbnxlbnwwfHx8fDE2MTkwNzIyNjQ&ixlib=rb-1.2.1&q=80&w=1000
485,new york steaks,56,meat,In stock,https://cdn.debragga.com/pub/media/catalog/product/cache/4d1e5125532e93445b236bb399c47f42/d/b/dbsb0152_dsc05898.jpg
486,rib eye,61,meat,In stock,https://athome.dickeys.com/wp-content/uploads/2020/08/rib-eye-steak-online.png
487,t bone steaks,41,meat,In stock,https://images.unsplash.com/photo-1616589717939-cda1709a292e?crop=entropy&cs=tinysrgb&fit=max&fm=jpg&ixid=MnwyMjUwODN8MHwxfHNlYXJjaHw0fHx0JTIwYm9uZSUyMHN0ZWFrc3xlbnwwfHx8fDE2MTkwNzIyNjY&ixlib=rb-1.2.1&q=80&w=1000
488,tenderloin,34,meat,In stock,https://cdn.debragga.com/pub/media/mageplaza/blog/post/d/e/det-australian-wagyu-tenderloin.jpg
489,bacon,44,meat,In stock,https://images.unsplash.com/photo-1587316925366-326c1ca7b29e?crop=entropy&cs=tinysrgb&fit=max&fm=jpg&ixid=MnwyMjUwODN8MHwxfHNlYXJjaHw0fHxiYWNvbnxlbnwwfHx8fDE2MTkwNzIyNjc&ixlib=rb-1.2.1&q=80&w=1000
490,ham,39,meat,In stock,https://images.unsplash.com/photo-1524438418049-ab2acb7aa48f?ixid=MnwxMjA3fDB8MHxwaG90by1wYWdlfHx8fGVufDB8fHx8&ixlib=rb-1.2.1&auto=format&fit=crop&w=2850&q=80
491,black forest ham,22,meat,Out of stock,https://ncsmokehouse.com/media/amasty/webp/catalog/product/cache/4c241d50faaae86d86b98aded29ed94a/b/l/black_forest_whole_ham__jpg.webp
492,country ham,40,meat,In stock,https://www.madeinva.com/wp-content/uploads/2016/11/petitie-country-ham.jpg
493,honey glazed ham,31,meat,In stock,https://www.chatelaine.com/wp-content/uploads/2001/05/honey-glazed-ham-square.jpg
494,prosciutto,40,meat,In stock,https://images.unsplash.com/photo-1609796568582-9446353b727b?crop=entropy&cs=tinysrgb&fit=max&fm=jpg&ixid=MnwyMjUwODN8MHwxfHNlYXJjaHwxfHxwcm9zY2l1dHRvfGVufDB8fHx8MTYxOTA3MjI3MA&ixlib=rb-1.2.1&q=80&w=1000
495,serrano ham,70,meat,In stock,https://images.unsplash.com/photo-1512594218827-10a3fbc58d7d?crop=entropy&cs=tinysrgb&fit=max&fm=jpg&ixid=MnwyMjUwODN8MHwxfHNlYXJjaHw3fHxzZXJyYW5vJTIwaGFtfGVufDB8fHx8MTYxOTA3MjI3MQ&ixlib=rb-1.2.1&q=80&w=1000
496,pancetta,57,meat,In stock,https://images.unsplash.com/photo-1494957755956-65fe8c408bb5?crop=entropy&cs=tinysrgb&fit=max&fm=jpg&ixid=MnwyMTg4MDh8MHwxfHNlYXJjaHwxfHxwYW5jZXR0YXxlbnwwfHx8fDE2MTkwNzIzMDI&ixlib=rb-1.2.1&q=80&w=1000
497,pork chops,39,meat,In stock,https://images.unsplash.com/photo-1611354574034-9655b5b72d59?crop=entropy&cs=tinysrgb&fit=max&fm=jpg&ixid=MnwyMTg4MDh8MHwxfHNlYXJjaHwzfHxwb3JrJTIwY2hvcHN8ZW58MHx8fHwxNjE5MDcyMzAy&ixlib=rb-1.2.1&q=80&w=1000
498,pork roasts,35,meat,In stock,https://images.unsplash.com/photo-1598577790111-6bb8ee8f7af9?crop=entropy&cs=tinysrgb&fit=max&fm=jpg&ixid=MnwyMTg4MDh8MHwxfHNlYXJjaHwxMXx8cG9yayUyMHJvYXN0c3xlbnwwfHx8fDE2MTkwNzIzMDM&ixlib=rb-1.2.1&q=80&w=1000
516,turkey breasts,24,meat,In stock,https://images.unsplash.com/photo-1604503468506-a8da13d82791?crop=entropy&cs=tinysrgb&fit=max&fm=jpg&ixid=MnwyMTg4MDh8MHwxfHNlYXJjaHw0fHx0dXJrZXklMjBicmVhc3RzfGVufDB8fHx8MTYxOTA3MjMxNQ&ixlib=rb-1.2.1&q=80&w=1000
517,turkey drumsticks,66,meat,In stock,https://images.unsplash.com/photo-1598515214146-dab39da1243d?crop=entropy&cs=tinysrgb&fit=max&fm=jpg&ixid=MnwyMTg4MDh8MHwxfHNlYXJjaHw3fHx0dXJrZXklMjBkcnVtc3RpY2tzfGVufDB8fHx8MTYxOTA3MjMxNg&ixlib=rb-1.2.1&q=80&w=1000
518,turkey tenderloins,24,meat,In stock,https://thumbor.thedailymeal.com/ib2cIMrDc3MyZIPOpZVQk2akrTo=/870x565/filters:focal(300x240:301x241)/https://www.thedailymeal.com/sites/default/files/recipe/2020/reciperosmarybasil_tenderloin_shutterstock.jpg
519,whole turkeys,21,meat,In stock,https://food.fnr.sndimg.com/content/dam/images/food/fullset/2015/11/1/2/ZD0507H_Smoked-Whole-Turkey_s4x3.jpg.rend.hgtvcom.826.620.suffix/1447187576536.jpeg
520,andouille sausage,60,meat,In stock,https://honest-food.net/wp-content/uploads/2012/03/andouille-sausage-recipe-1.jpg
522,bockwurst,38,meat,In stock,https://www.gut-kerkow.de/media/a8/75/be/1612535476/5213-bockwurst.jpg
523,bratwurst,68,meat,In stock,https://www.daringgourmet.com/wp-content/uploads/2019/07/Bratwurst-public-domain-2-500x500.jpg
524,chorizo sausage,70,meat,In stock,https://images.unsplash.com/photo-1526366411709-472085c8a586?crop=entropy&cs=tinysrgb&fit=max&fm=jpg&ixid=MnwyMTg4MDh8MHwxfHNlYXJjaHw2fHxjaG9yaXpvJTIwc2F1c2FnZXxlbnwwfHx8fDE2MTkwNzIzMjA&ixlib=rb-1.2.1&q=80&w=1000
525,frankfurters and wieners,42,meat,In stock,http://static1.squarespace.com/static/552f35bee4b0955308211538/552f3d70e4b02821ddbe44fb/552fad33e4b0a60b2b2e7ec8/1437611841848/?format=1500w
531,polish sausages,69,meat,Out of stock,https://www.southsidemarket.com/wp-content/uploads/2017/07/HeroFinal-35.jpg
532,salami,70,meat,In stock,https://images.unsplash.com/photo-1528742841795-b9022b697938?crop=entropy&cs=tinysrgb&fit=max&fm=jpg&ixid=MnwyMTg4MDh8MHwxfHNlYXJjaHw5fHxzYWxhbWl8ZW58MHx8fHwxNjE5MDcyMzIz&ixlib=rb-1.2.1&q=80&w=1000
533,summer sausages,40,meat,In stock,https://images.unsplash.com/photo-1563273941-b3d0e0129ec7?ixlib=rb-1.2.1&ixid=MnwxMjA3fDB8MHxwaG90by1wYWdlfHx8fGVufDB8fHx8&auto=format&fit=crop&w=1148&q=80
